"filename", "language", "Python", "Markdown", "PowerShell", "HTML", "YAML", "Shell Script", "JSON", "Properties", "Docker", "Batch", "pip requirements", "JSON with Comments", "TypeScript", "XML", "PostCSS", "TypeScript JSX", "JavaScript JSX", "comment", "blank", "total"
"d:\Python\TCU_CEAA\.github\workflows\ci.yml", "YAML", 0, 0, 0, 0, 238, 0, 0, 0, 0, 0, 0, 0, 0, 0, 0, 0, 0, 14, 47, 299
"d:\Python\TCU_CEAA\.trae\documents\Use Full Application Data in AI Verification and Details UI.md", "Markdown", 0, 42, 0, 0, 0, 0, 0, 0, 0, 0, 0, 0, 0, 0, 0, 0, 0, 0, 10, 52
"d:\Python\TCU_CEAA\ADMIN_QUICK_START_GUIDE.md", "Markdown", 0, 419, 0, 0, 0, 0, 0, 0, 0, 0, 0, 0, 0, 0, 0, 0, 0, 0, 120, 539
"d:\Python\TCU_CEAA\AWS_DEPLOYMENT_STEP_BY_STEP.md", "Markdown", 0, 954, 0, 0, 0, 0, 0, 0, 0, 0, 0, 0, 0, 0, 0, 0, 0, 0, 278, 1232
"d:\Python\TCU_CEAA\BIOMETRIC_OBFUSCATION_COMPLETE.md", "Markdown", 0, 96, 0, 0, 0, 0, 0, 0, 0, 0, 0, 0, 0, 0, 0, 0, 0, 0, 32, 128
"d:\Python\TCU_CEAA\BIOMETRIC_VERIFICATION_IMPLEMENTATION.md", "Markdown", 0, 346, 0, 0, 0, 0, 0, 0, 0, 0, 0, 0, 0, 0, 0, 0, 0, 0, 74, 420
"d:\Python\TCU_CEAA\BIRTH_CERTIFICATE_OCR_ANALYSIS.md", "Markdown", 0, 215, 0, 0, 0, 0, 0, 0, 0, 0, 0, 0, 0, 0, 0, 0, 0, 0, 55, 270
"d:\Python\TCU_CEAA\DEPLOYMENT_GUIDE.md", "Markdown", 0, 333, 0, 0, 0, 0, 0, 0, 0, 0, 0, 0, 0, 0, 0, 0, 0, 0, 85, 418
"d:\Python\TCU_CEAA\DEPLOYMENT_PREPARATION_GUIDE.md", "Markdown", 0, 358, 0, 0, 0, 0, 0, 0, 0, 0, 0, 0, 0, 0, 0, 0, 0, 0, 114, 472
"d:\Python\TCU_CEAA\FACE_VERIFICATION_GUIDE.md", "Markdown", 0, 301, 0, 0, 0, 0, 0, 0, 0, 0, 0, 0, 0, 0, 0, 0, 0, 0, 71, 372
"d:\Python\TCU_CEAA\FLOW_DIAGRAM.md", "Markdown", 0, 254, 0, 0, 0, 0, 0, 0, 0, 0, 0, 0, 0, 0, 0, 0, 0, 0, 21, 275
"d:\Python\TCU_CEAA\FRAUD_DETECTION_GUIDE.md", "Markdown", 0, 358, 0, 0, 0, 0, 0, 0, 0, 0, 0, 0, 0, 0, 0, 0, 0, 0, 73, 431
"d:\Python\TCU_CEAA\GRADE_SUBMISSION_LIVENESS_GUIDE.md", "Markdown", 0, 229, 0, 0, 0, 0, 0, 0, 0, 0, 0, 0, 0, 0, 0, 0, 0, 0, 57, 286
"d:\Python\TCU_CEAA\GRADE_WORKFLOW_IMPLEMENTATION_COMPLETE.md", "Markdown", 0, 305, 0, 0, 0, 0, 0, 0, 0, 0, 0, 0, 0, 0, 0, 0, 0, 0, 67, 372
"d:\Python\TCU_CEAA\GRADE_WORKFLOW_REFACTOR_PROGRESS.md", "Markdown", 0, 448, 0, 0, 0, 0, 0, 0, 0, 0, 0, 0, 0, 0, 0, 0, 0, 0, 109, 557
"d:\Python\TCU_CEAA\IMPLEMENTATION_COMPLETE.md", "Markdown", 0, 302, 0, 0, 0, 0, 0, 0, 0, 0, 0, 0, 0, 0, 0, 0, 0, 0, 83, 385
"d:\Python\TCU_CEAA\KUBERNETES_README.md", "Markdown", 0, 86, 0, 0, 0, 0, 0, 0, 0, 0, 0, 0, 0, 0, 0, 0, 0, 0, 26, 112
"d:\Python\TCU_CEAA\LIVENESS_AFTER_GRADES_IMPLEMENTATION.md", "Markdown", 0, 353, 0, 0, 0, 0, 0, 0, 0, 0, 0, 0, 0, 0, 0, 0, 0, 0, 94, 447
"d:\Python\TCU_CEAA\SECRETS_MANAGEMENT_GUIDE.md", "Markdown", 0, 301, 0, 0, 0, 0, 0, 0, 0, 0, 0, 0, 0, 0, 0, 0, 0, 0, 110, 411
"d:\Python\TCU_CEAA\SPECIALIZED_SERVICES_INTEGRATION.md", "Markdown", 0, 169, 0, 0, 0, 0, 0, 0, 0, 0, 0, 0, 0, 0, 0, 0, 0, 0, 52, 221
"d:\Python\TCU_CEAA\STAGING_CHECKLIST.md", "Markdown", 0, 262, 0, 0, 0, 0, 0, 0, 0, 0, 0, 0, 0, 0, 0, 0, 0, 0, 81, 343
"d:\Python\TCU_CEAA\STAGING_DEPLOYMENT.md", "Markdown", 0, 269, 0, 0, 0, 0, 0, 0, 0, 0, 0, 0, 0, 0, 0, 0, 0, 0, 97, 366
"d:\Python\TCU_CEAA\VOTER_CERTIFICATE_INTEGRATION_COMPLETE.md", "Markdown", 0, 168, 0, 0, 0, 0, 0, 0, 0, 0, 0, 0, 0, 0, 0, 0, 0, 0, 50, 218
"d:\Python\TCU_CEAA\backend\Dockerfile", "Docker", 0, 0, 0, 0, 0, 0, 0, 0, 11, 0, 0, 0, 0, 0, 0, 0, 0, 6, 8, 25
"d:\Python\TCU_CEAA\backend\VOTER_CERTIFICATE_INTEGRATION_SUMMARY.md", "Markdown", 0, 326, 0, 0, 0, 0, 0, 0, 0, 0, 0, 0, 0, 0, 0, 0, 0, 0, 63, 389
"d:\Python\TCU_CEAA\backend\VOTER_CERTIFICATE_VERIFICATION_README.md", "Markdown", 0, 360, 0, 0, 0, 0, 0, 0, 0, 0, 0, 0, 0, 0, 0, 0, 0, 0, 81, 441
"d:\Python\TCU_CEAA\backend\add_verified_students.py", "Python", 36, 0, 0, 0, 0, 0, 0, 0, 0, 0, 0, 0, 0, 0, 0, 0, 0, 5, 5, 46
"d:\Python\TCU_CEAA\backend\ai_model_data\JPG_STRUCTURE_GUIDE.md", "Markdown", 0, 110, 0, 0, 0, 0, 0, 0, 0, 0, 0, 0, 0, 0, 0, 0, 0, 0, 8, 118
"d:\Python\TCU_CEAA\backend\ai_model_data\NAMING_CONVENTION.md", "Markdown", 0, 100, 0, 0, 0, 0, 0, 0, 0, 0, 0, 0, 0, 0, 0, 0, 0, 0, 20, 120
"d:\Python\TCU_CEAA\backend\ai_model_data\README.md", "Markdown", 0, 252, 0, 0, 0, 0, 0, 0, 0, 0, 0, 0, 0, 0, 0, 0, 0, 0, 50, 302
"d:\Python\TCU_CEAA\backend\ai_model_data\config.json", "JSON", 0, 0, 0, 0, 0, 0, 114, 0, 0, 0, 0, 0, 0, 0, 0, 0, 0, 0, 0, 114
"d:\Python\TCU_CEAA\backend\ai_model_data\document_templates\birth_certificate_layout.json", "JSON", 0, 0, 0, 0, 0, 0, 113, 0, 0, 0, 0, 0, 0, 0, 0, 0, 0, 0, 0, 113
"d:\Python\TCU_CEAA\backend\ai_model_data\document_templates\report_card_layout.json", "JSON", 0, 0, 0, 0, 0, 0, 144, 0, 0, 0, 0, 0, 0, 0, 0, 0, 0, 0, 0, 144
"d:\Python\TCU_CEAA\backend\ai_model_data\document_templates\school_id_layout.json", "JSON", 0, 0, 0, 0, 0, 0, 125, 0, 0, 0, 0, 0, 0, 0, 0, 0, 0, 0, 0, 125
"d:\Python\TCU_CEAA\backend\ai_model_data\reference_documents\README.md", "Markdown", 0, 70, 0, 0, 0, 0, 0, 0, 0, 0, 0, 0, 0, 0, 0, 0, 0, 0, 24, 94
"d:\Python\TCU_CEAA\backend\ai_model_data\reference_documents\birth_certificates\README.md", "Markdown", 0, 19, 0, 0, 0, 0, 0, 0, 0, 0, 0, 0, 0, 0, 0, 0, 0, 0, 5, 24
"d:\Python\TCU_CEAA\backend\ai_model_data\reference_documents\certificates_of_enrollment\README.md", "Markdown", 0, 16, 0, 0, 0, 0, 0, 0, 0, 0, 0, 0, 0, 0, 0, 0, 0, 0, 8, 24
"d:\Python\TCU_CEAA\backend\ai_model_data\reference_documents\school_ids\README.md", "Markdown", 0, 23, 0, 0, 0, 0, 0, 0, 0, 0, 0, 0, 0, 0, 0, 0, 0, 0, 5, 28
"d:\Python\TCU_CEAA\backend\ai_model_data\reference_documents\transcripts\README.md", "Markdown", 0, 17, 0, 0, 0, 0, 0, 0, 0, 0, 0, 0, 0, 0, 0, 0, 0, 0, 8, 25
"d:\Python\TCU_CEAA\backend\ai_model_data\trained_models\yolov8_certificate_of_enrollment_detector.pt", "XML", 0, 0, 0, 0, 0, 0, 0, 0, 0, 0, 0, 0, 0, 163482, 0, 0, 0, 0, 846, 164328
"d:\Python\TCU_CEAA\backend\ai_model_data\trained_models\yolov8_id_detection_v1.pt", "XML", 0, 0, 0, 0, 0, 0, 0, 0, 0, 0, 0, 0, 0, 150787, 0, 0, 0, 0, 735, 151522
"d:\Python\TCU_CEAA\backend\ai_model_data\trained_models\yolov8_voters_certification_detection.pt", "XML", 0, 0, 0, 0, 0, 0, 0, 0, 0, 0, 0, 0, 0, 142958, 0, 0, 0, 0, 647, 143605
"d:\Python\TCU_CEAA\backend\ai_model_data\trained_models\yolov8n.pt", "XML", 0, 0, 0, 0, 0, 0, 0, 0, 0, 0, 0, 0, 0, 42848, 0, 0, 0, 0, 229, 43077
"d:\Python\TCU_CEAA\backend\ai_model_data\watermarks\government_seals\README.md", "Markdown", 0, 35, 0, 0, 0, 0, 0, 0, 0, 0, 0, 0, 0, 0, 0, 0, 0, 0, 6, 41
"d:\Python\TCU_CEAA\backend\ai_performance.json", "JSON", 0, 0, 0, 0, 0, 0, 62, 0, 0, 0, 0, 0, 0, 0, 0, 0, 0, 0, 0, 62
"d:\Python\TCU_CEAA\backend\ai_verification\__init__.py", "Python", 0, 0, 0, 0, 0, 0, 0, 0, 0, 0, 0, 0, 0, 0, 0, 0, 0, 0, 1, 1
"d:\Python\TCU_CEAA\backend\ai_verification\advanced_algorithms.py", "Python", 707, 0, 0, 0, 0, 0, 0, 0, 0, 0, 0, 0, 0, 0, 0, 0, 0, 187, 200, 1094
"d:\Python\TCU_CEAA\backend\ai_verification\ai_generated_detector.py", "Python", 602, 0, 0, 0, 0, 0, 0, 0, 0, 0, 0, 0, 0, 0, 0, 0, 0, 117, 170, 889
"d:\Python\TCU_CEAA\backend\ai_verification\autonomous_verifier.py", "Python", 616, 0, 0, 0, 0, 0, 0, 0, 0, 0, 0, 0, 0, 0, 0, 0, 0, 134, 148, 898
"d:\Python\TCU_CEAA\backend\ai_verification\enhanced_document_validator.py", "Python", 510, 0, 0, 0, 0, 0, 0, 0, 0, 0, 0, 0, 0, 0, 0, 0, 0, 82, 105, 697
"d:\Python\TCU_CEAA\backend\ai_verification\lightning_verifier.py", "Python", 471, 0, 0, 0, 0, 0, 0, 0, 0, 0, 0, 0, 0, 0, 0, 0, 0, 127, 96, 694
"d:\Python\TCU_CEAA\backend\ai_verification\management\__init__.py", "Python", 0, 0, 0, 0, 0, 0, 0, 0, 0, 0, 0, 0, 0, 0, 0, 0, 0, 0, 1, 1
"d:\Python\TCU_CEAA\backend\ai_verification\management\commands\__init__.py", "Python", 0, 0, 0, 0, 0, 0, 0, 0, 0, 0, 0, 0, 0, 0, 0, 0, 0, 0, 1, 1
"d:\Python\TCU_CEAA\backend\ai_verification\management\commands\ai_train_models.py", "Python", 0, 0, 0, 0, 0, 0, 0, 0, 0, 0, 0, 0, 0, 0, 0, 0, 0, 0, 1, 1
"d:\Python\TCU_CEAA\backend\ai_verification\management\commands\ai_verify_batch.py", "Python", 0, 0, 0, 0, 0, 0, 0, 0, 0, 0, 0, 0, 0, 0, 0, 0, 0, 0, 1, 1
"d:\Python\TCU_CEAA\backend\ai_verification\migrations\__init__.py", "Python", 0, 0, 0, 0, 0, 0, 0, 0, 0, 0, 0, 0, 0, 0, 0, 0, 0, 0, 1, 1
"d:\Python\TCU_CEAA\backend\analyze_birth_cert_direct.py", "Python", 94, 0, 0, 0, 0, 0, 0, 0, 0, 0, 0, 0, 0, 0, 0, 0, 0, 11, 32, 137
"d:\Python\TCU_CEAA\backend\analyze_birth_certificate.py", "Python", 117, 0, 0, 0, 0, 0, 0, 0, 0, 0, 0, 0, 0, 0, 0, 0, 0, 13, 35, 165
"d:\Python\TCU_CEAA\backend\analyze_feliciano_birth_cert.py", "Python", 176, 0, 0, 0, 0, 0, 0, 0, 0, 0, 0, 0, 0, 0, 0, 0, 0, 21, 49, 246
"d:\Python\TCU_CEAA\backend\auto_approve_grades.py", "Python", 55, 0, 0, 0, 0, 0, 0, 0, 0, 0, 0, 0, 0, 0, 0, 0, 0, 6, 16, 77
"d:\Python\TCU_CEAA\backend\backend_project\__init__.py", "Python", 0, 0, 0, 0, 0, 0, 0, 0, 0, 0, 0, 0, 0, 0, 0, 0, 0, 0, 1, 1
"d:\Python\TCU_CEAA\backend\backend_project\asgi.py", "Python", 4, 0, 0, 0, 0, 0, 0, 0, 0, 0, 0, 0, 0, 0, 0, 0, 0, 8, 5, 17
"d:\Python\TCU_CEAA\backend\backend_project\settings.py", "Python", 162, 0, 0, 0, 0, 0, 0, 0, 0, 0, 0, 0, 0, 0, 0, 0, 0, 65, 57, 284
"d:\Python\TCU_CEAA\backend\backend_project\urls.py", "Python", 14, 0, 0, 0, 0, 0, 0, 0, 0, 0, 0, 0, 0, 0, 0, 0, 0, 17, 3, 34
"d:\Python\TCU_CEAA\backend\backend_project\wsgi.py", "Python", 4, 0, 0, 0, 0, 0, 0, 0, 0, 0, 0, 0, 0, 0, 0, 0, 0, 8, 5, 17
"d:\Python\TCU_CEAA\backend\boost_it102_confidence_final.py", "Python", 111, 0, 0, 0, 0, 0, 0, 0, 0, 0, 0, 0, 0, 0, 0, 0, 0, 20, 28, 159
"d:\Python\TCU_CEAA\backend\calculate_gwa_4peytonly.py", "Python", 103, 0, 0, 0, 0, 0, 0, 0, 0, 0, 0, 0, 0, 0, 0, 0, 0, 5, 23, 131
"d:\Python\TCU_CEAA\backend\check_all_grades.py", "Python", 25, 0, 0, 0, 0, 0, 0, 0, 0, 0, 0, 0, 0, 0, 0, 0, 0, 2, 7, 34
"d:\Python\TCU_CEAA\backend\check_and_fix_user_login.py", "Python", 146, 0, 0, 0, 0, 0, 0, 0, 0, 0, 0, 0, 0, 0, 0, 0, 0, 23, 34, 203
"d:\Python\TCU_CEAA\backend\check_application_data.py", "Python", 104, 0, 0, 0, 0, 0, 0, 0, 0, 0, 0, 0, 0, 0, 0, 0, 0, 8, 21, 133
"d:\Python\TCU_CEAA\backend\check_database_eligibility.py", "Python", 29, 0, 0, 0, 0, 0, 0, 0, 0, 0, 0, 0, 0, 0, 0, 0, 0, 5, 8, 42
"d:\Python\TCU_CEAA\backend\check_database_tables.py", "Python", 35, 0, 0, 0, 0, 0, 0, 0, 0, 0, 0, 0, 0, 0, 0, 0, 0, 6, 8, 49
"d:\Python\TCU_CEAA\backend\check_db_state.py", "Python", 15, 0, 0, 0, 0, 0, 0, 0, 0, 0, 0, 0, 0, 0, 0, 0, 0, 2, 4, 21
"d:\Python\TCU_CEAA\backend\check_full_applications.py", "Python", 20, 0, 0, 0, 0, 0, 0, 0, 0, 0, 0, 0, 0, 0, 0, 0, 0, 3, 6, 29
"d:\Python\TCU_CEAA\backend\check_ken_applications.py", "Python", 32, 0, 0, 0, 0, 0, 0, 0, 0, 0, 0, 0, 0, 0, 0, 0, 0, 4, 8, 44
"d:\Python\TCU_CEAA\backend\check_latest_grades.py", "Python", 56, 0, 0, 0, 0, 0, 0, 0, 0, 0, 0, 0, 0, 0, 0, 0, 0, 2, 12, 70
"d:\Python\TCU_CEAA\backend\check_ocr_text.py", "Python", 34, 0, 0, 0, 0, 0, 0, 0, 0, 0, 0, 0, 0, 0, 0, 0, 0, 2, 7, 43
"d:\Python\TCU_CEAA\backend\check_recent_documents.py", "Python", 66, 0, 0, 0, 0, 0, 0, 0, 0, 0, 0, 0, 0, 0, 0, 0, 0, 1, 20, 87
"d:\Python\TCU_CEAA\backend\check_recent_submissions.py", "Python", 78, 0, 0, 0, 0, 0, 0, 0, 0, 0, 0, 0, 0, 0, 0, 0, 0, 6, 23, 107
"d:\Python\TCU_CEAA\backend\check_rejected_docs.py", "Python", 63, 0, 0, 0, 0, 0, 0, 0, 0, 0, 0, 0, 0, 0, 0, 0, 0, 0, 16, 79
"d:\Python\TCU_CEAA\backend\check_rejection_details.py", "Python", 85, 0, 0, 0, 0, 0, 0, 0, 0, 0, 0, 0, 0, 0, 0, 0, 0, 6, 16, 107
"d:\Python\TCU_CEAA\backend\check_status.py", "Python", 17, 0, 0, 0, 0, 0, 0, 0, 0, 0, 0, 0, 0, 0, 0, 0, 0, 0, 6, 23
"d:\Python\TCU_CEAA\backend\check_student_grades.py", "Python", 92, 0, 0, 0, 0, 0, 0, 0, 0, 0, 0, 0, 0, 0, 0, 0, 0, 7, 20, 119
"d:\Python\TCU_CEAA\backend\check_student_id.py", "Python", 34, 0, 0, 0, 0, 0, 0, 0, 0, 0, 0, 0, 0, 0, 0, 0, 0, 4, 9, 47
"d:\Python\TCU_CEAA\backend\check_submissions.py", "Python", 16, 0, 0, 0, 0, 0, 0, 0, 0, 0, 0, 0, 0, 0, 0, 0, 0, 0, 5, 21
"d:\Python\TCU_CEAA\backend\check_user_data.py", "Python", 41, 0, 0, 0, 0, 0, 0, 0, 0, 0, 0, 0, 0, 0, 0, 0, 0, 3, 7, 51
"d:\Python\TCU_CEAA\backend\check_voter_analysis.py", "Python", 58, 0, 0, 0, 0, 0, 0, 0, 0, 0, 0, 0, 0, 0, 0, 0, 0, 3, 12, 73
"d:\Python\TCU_CEAA\backend\check_voter_docs.py", "Python", 46, 0, 0, 0, 0, 0, 0, 0, 0, 0, 0, 0, 0, 0, 0, 0, 0, 3, 13, 62
"d:\Python\TCU_CEAA\backend\clear_applications.py", "Python", 12, 0, 0, 0, 0, 0, 0, 0, 0, 0, 0, 0, 0, 0, 0, 0, 0, 3, 4, 19
"d:\Python\TCU_CEAA\backend\clear_cache.py", "Python", 20, 0, 0, 0, 0, 0, 0, 0, 0, 0, 0, 0, 0, 0, 0, 0, 0, 4, 9, 33
"d:\Python\TCU_CEAA\backend\compare_feliciano_extraction.py", "Python", 353, 0, 0, 0, 0, 0, 0, 0, 0, 0, 0, 0, 0, 0, 0, 0, 0, 1, 20, 374
"d:\Python\TCU_CEAA\backend\create_sample_ai_documents.py", "Python", 210, 0, 0, 0, 0, 0, 0, 0, 0, 0, 0, 0, 0, 0, 0, 0, 0, 12, 21, 243
"d:\Python\TCU_CEAA\backend\create_sample_full_applications.py", "Python", 54, 0, 0, 0, 0, 0, 0, 0, 0, 0, 0, 0, 0, 0, 0, 0, 0, 9, 16, 79
"d:\Python\TCU_CEAA\backend\debug_birth_cert_ocr.py", "Python", 33, 0, 0, 0, 0, 0, 0, 0, 0, 0, 0, 0, 0, 0, 0, 0, 0, 5, 14, 52
"d:\Python\TCU_CEAA\backend\debug_it102_ocr.py", "Python", 76, 0, 0, 0, 0, 0, 0, 0, 0, 0, 0, 0, 0, 0, 0, 0, 0, 17, 19, 112
"d:\Python\TCU_CEAA\backend\debug_voter_cert_ocr.py", "Python", 44, 0, 0, 0, 0, 0, 0, 0, 0, 0, 0, 0, 0, 0, 0, 0, 0, 5, 16, 65
"d:\Python\TCU_CEAA\backend\final_check.py", "Python", 11, 0, 0, 0, 0, 0, 0, 0, 0, 0, 0, 0, 0, 0, 0, 0, 0, 1, 1, 13
"d:\Python\TCU_CEAA\backend\fix_db_columns_now.py", "Python", 81, 0, 0, 0, 0, 0, 0, 0, 0, 0, 0, 0, 0, 0, 0, 0, 0, 11, 14, 106
"d:\Python\TCU_CEAA\backend\fix_email_verified.py", "Python", 15, 0, 0, 0, 0, 0, 0, 0, 0, 0, 0, 0, 0, 0, 0, 0, 0, 7, 7, 29
"d:\Python\TCU_CEAA\backend\fix_email_verified_column.py", "Python", 46, 0, 0, 0, 0, 0, 0, 0, 0, 0, 0, 0, 0, 0, 0, 0, 0, 9, 13, 68
"d:\Python\TCU_CEAA\backend\fix_submitted_at.py", "Python", 13, 0, 0, 0, 0, 0, 0, 0, 0, 0, 0, 0, 0, 0, 0, 0, 0, 2, 7, 22
"d:\Python\TCU_CEAA\backend\import_verified_students.py", "Python", 137, 0, 0, 0, 0, 0, 0, 0, 0, 0, 0, 0, 0, 0, 0, 0, 0, 13, 14, 164
"d:\Python\TCU_CEAA\backend\inspect_voter_model.py", "Python", 36, 0, 0, 0, 0, 0, 0, 0, 0, 0, 0, 0, 0, 0, 0, 0, 0, 4, 10, 50
"d:\Python\TCU_CEAA\backend\manage.py", "Python", 15, 0, 0, 0, 0, 0, 0, 0, 0, 0, 0, 0, 0, 0, 0, 0, 0, 3, 5, 23
"d:\Python\TCU_CEAA\backend\myapp\__init__.py", "Python", 0, 0, 0, 0, 0, 0, 0, 0, 0, 0, 0, 0, 0, 0, 0, 0, 0, 0, 1, 1
"d:\Python\TCU_CEAA\backend\myapp\admin.py", "Python", 999, 0, 0, 0, 0, 0, 0, 0, 0, 0, 0, 0, 0, 0, 0, 0, 0, 93, 196, 1288
"d:\Python\TCU_CEAA\backend\myapp\advanced_ocr_service.py", "Python", 220, 0, 0, 0, 0, 0, 0, 0, 0, 0, 0, 0, 0, 0, 0, 0, 0, 88, 49, 357
"d:\Python\TCU_CEAA\backend\myapp\ai_service.py", "Python", 1043, 0, 0, 0, 0, 0, 0, 0, 0, 0, 0, 0, 0, 0, 0, 0, 0, 216, 263, 1522
"d:\Python\TCU_CEAA\backend\myapp\application_email_service.py", "Python", 101, 0, 0, 0, 0, 0, 0, 0, 0, 0, 0, 0, 0, 0, 0, 0, 0, 56, 31, 188
"d:\Python\TCU_CEAA\backend\myapp\apps.py", "Python", 4, 0, 0, 0, 0, 0, 0, 0, 0, 0, 0, 0, 0, 0, 0, 0, 0, 0, 3, 7
"d:\Python\TCU_CEAA\backend\myapp\audit_logger.py", "Python", 496, 0, 0, 0, 0, 0, 0, 0, 0, 0, 0, 0, 0, 0, 0, 0, 0, 65, 51, 612
"d:\Python\TCU_CEAA\backend\myapp\birth_certificate_verification_service.py", "Python", 422, 0, 0, 0, 0, 0, 0, 0, 0, 0, 0, 0, 0, 0, 0, 0, 0, 158, 113, 693
"d:\Python\TCU_CEAA\backend\myapp\coe_verification_service.py", "Python", 618, 0, 0, 0, 0, 0, 0, 0, 0, 0, 0, 0, 0, 0, 0, 0, 0, 245, 146, 1009
"d:\Python\TCU_CEAA\backend\myapp\document_face_verification_integration.py", "Python", 298, 0, 0, 0, 0, 0, 0, 0, 0, 0, 0, 0, 0, 0, 0, 0, 0, 65, 62, 425
"d:\Python\TCU_CEAA\backend\myapp\email_utils.py", "Python", 203, 0, 0, 0, 0, 0, 0, 0, 0, 0, 0, 0, 0, 0, 0, 0, 0, 161, 46, 410
"d:\Python\TCU_CEAA\backend\myapp\email_verification_service.py", "Python", 143, 0, 0, 0, 0, 0, 0, 0, 0, 0, 0, 0, 0, 0, 0, 0, 0, 86, 40, 269
"d:\Python\TCU_CEAA\backend\myapp\face_adjudication_views.py", "Python", 257, 0, 0, 0, 0, 0, 0, 0, 0, 0, 0, 0, 0, 0, 0, 0, 0, 52, 48, 357
"d:\Python\TCU_CEAA\backend\myapp\face_comparison_service.py", "Python", 243, 0, 0, 0, 0, 0, 0, 0, 0, 0, 0, 0, 0, 0, 0, 0, 0, 118, 51, 412
"d:\Python\TCU_CEAA\backend\myapp\face_verification_views.py", "Python", 427, 0, 0, 0, 0, 0, 0, 0, 0, 0, 0, 0, 0, 0, 0, 0, 0, 128, 84, 639
"d:\Python\TCU_CEAA\backend\myapp\fraud_detection_models.py", "Python", 226, 0, 0, 0, 0, 0, 0, 0, 0, 0, 0, 0, 0, 0, 0, 0, 0, 25, 38, 289
"d:\Python\TCU_CEAA\backend\myapp\fraud_detection_service.py", "Python", 200, 0, 0, 0, 0, 0, 0, 0, 0, 0, 0, 0, 0, 0, 0, 0, 0, 262, 50, 512
"d:\Python\TCU_CEAA\backend\myapp\fraud_management_views.py", "Python", 305, 0, 0, 0, 0, 0, 0, 0, 0, 0, 0, 0, 0, 0, 0, 0, 0, 54, 61, 420
"d:\Python\TCU_CEAA\backend\myapp\grade_validation_service.py", "Python", 199, 0, 0, 0, 0, 0, 0, 0, 0, 0, 0, 0, 0, 0, 0, 0, 0, 106, 48, 353
"d:\Python\TCU_CEAA\backend\myapp\grades_detection_service.py", "Python", 346, 0, 0, 0, 0, 0, 0, 0, 0, 0, 0, 0, 0, 0, 0, 0, 0, 108, 73, 527
"d:\Python\TCU_CEAA\backend\myapp\health.py", "Python", 37, 0, 0, 0, 0, 0, 0, 0, 0, 0, 0, 0, 0, 0, 0, 0, 0, 12, 8, 57
"d:\Python\TCU_CEAA\backend\myapp\id_verification_service.py", "Python", 587, 0, 0, 0, 0, 0, 0, 0, 0, 0, 0, 0, 0, 0, 0, 0, 0, 274, 153, 1014
"d:\Python\TCU_CEAA\backend\myapp\management\__init__.py", "Python", 0, 0, 0, 0, 0, 0, 0, 0, 0, 0, 0, 0, 0, 0, 0, 0, 0, 1, 1, 2
"d:\Python\TCU_CEAA\backend\myapp\management\commands\__init__.py", "Python", 0, 0, 0, 0, 0, 0, 0, 0, 0, 0, 0, 0, 0, 0, 0, 0, 0, 1, 1, 2
"d:\Python\TCU_CEAA\backend\myapp\management\commands\create_admin.py", "Python", 53, 0, 0, 0, 0, 0, 0, 0, 0, 0, 0, 0, 0, 0, 0, 0, 0, 2, 9, 64
"d:\Python\TCU_CEAA\backend\myapp\management\commands\create_sample_data.py", "Python", 68, 0, 0, 0, 0, 0, 0, 0, 0, 0, 0, 0, 0, 0, 0, 0, 0, 2, 7, 77
"d:\Python\TCU_CEAA\backend\myapp\management\commands\create_test_users.py", "Python", 35, 0, 0, 0, 0, 0, 0, 0, 0, 0, 0, 0, 0, 0, 0, 0, 0, 2, 5, 42
"d:\Python\TCU_CEAA\backend\myapp\management\commands\delete_user_account.py", "Python", 91, 0, 0, 0, 0, 0, 0, 0, 0, 0, 0, 0, 0, 0, 0, 0, 0, 14, 24, 129
"d:\Python\TCU_CEAA\backend\myapp\management\commands\fix_broken_images.py", "Python", 24, 0, 0, 0, 0, 0, 0, 0, 0, 0, 0, 0, 0, 0, 0, 0, 0, 1, 5, 30
"d:\Python\TCU_CEAA\backend\myapp\management\commands\fix_grade_eligibility.py", "Python", 109, 0, 0, 0, 0, 0, 0, 0, 0, 0, 0, 0, 0, 0, 0, 0, 0, 13, 27, 149
"d:\Python\TCU_CEAA\backend\myapp\management\commands\fix_grade_eligibility_final.py", "Python", 180, 0, 0, 0, 0, 0, 0, 0, 0, 0, 0, 0, 0, 0, 0, 0, 0, 32, 43, 255
"d:\Python\TCU_CEAA\backend\myapp\management\commands\migrate_to_cloud_storage.py", "Python", 126, 0, 0, 0, 0, 0, 0, 0, 0, 0, 0, 0, 0, 0, 0, 0, 0, 23, 30, 179
"d:\Python\TCU_CEAA\backend\myapp\management\commands\recalculate_grade_eligibility.py", "Python", 33, 0, 0, 0, 0, 0, 0, 0, 0, 0, 0, 0, 0, 0, 0, 0, 0, 5, 11, 49
"d:\Python\TCU_CEAA\backend\myapp\management\commands\recalculate_merit_threshold.py", "Python", 108, 0, 0, 0, 0, 0, 0, 0, 0, 0, 0, 0, 0, 0, 0, 0, 0, 10, 24, 142
"d:\Python\TCU_CEAA\backend\myapp\management\commands\recalculate_new_scale.py", "Python", 109, 0, 0, 0, 0, 0, 0, 0, 0, 0, 0, 0, 0, 0, 0, 0, 0, 18, 25, 152
"d:\Python\TCU_CEAA\backend\myapp\management\commands\recalculate_official_scale.py", "Python", 52, 0, 0, 0, 0, 0, 0, 0, 0, 0, 0, 0, 0, 0, 0, 0, 0, 7, 14, 73
"d:\Python\TCU_CEAA\backend\myapp\management\commands\test_advanced_ocr.py", "Python", 78, 0, 0, 0, 0, 0, 0, 0, 0, 0, 0, 0, 0, 0, 0, 0, 0, 17, 21, 116
"d:\Python\TCU_CEAA\backend\myapp\management\commands\test_cloud_storage.py", "Python", 113, 0, 0, 0, 0, 0, 0, 0, 0, 0, 0, 0, 0, 0, 0, 0, 0, 17, 19, 149
"d:\Python\TCU_CEAA\backend\myapp\migrations\0001_initial.py", "Python", 60, 0, 0, 0, 0, 0, 0, 0, 0, 0, 0, 0, 0, 0, 0, 0, 0, 1, 7, 68
"d:\Python\TCU_CEAA\backend\myapp\migrations\0002_customuser_student_id_alter_customuser_role.py", "Python", 17, 0, 0, 0, 0, 0, 0, 0, 0, 0, 0, 0, 0, 0, 0, 0, 0, 1, 6, 24
"d:\Python\TCU_CEAA\backend\myapp\migrations\0003_documentsubmission_gradesubmission_and_more.py", "Python", 76, 0, 0, 0, 0, 0, 0, 0, 0, 0, 0, 0, 0, 0, 0, 0, 0, 1, 6, 83
"d:\Python\TCU_CEAA\backend\myapp\migrations\0003_scholarshipapplication_scholarshipdocument.py", "Python", 34, 0, 0, 0, 0, 0, 0, 0, 0, 0, 0, 0, 0, 0, 0, 0, 0, 1, 6, 41
"d:\Python\TCU_CEAA\backend\myapp\migrations\0004_customuser_profile_image.py", "Python", 13, 0, 0, 0, 0, 0, 0, 0, 0, 0, 0, 0, 0, 0, 0, 0, 0, 1, 6, 20
"d:\Python\TCU_CEAA\backend\myapp\migrations\0005_merge_20250903_2232.py", "Python", 8, 0, 0, 0, 0, 0, 0, 0, 0, 0, 0, 0, 0, 0, 0, 0, 0, 1, 6, 15
"d:\Python\TCU_CEAA\backend\myapp\migrations\0006_ai_integration_fields.py", "Python", 87, 0, 0, 0, 0, 0, 0, 0, 0, 0, 0, 0, 0, 0, 0, 0, 0, 1, 6, 94
"d:\Python\TCU_CEAA\backend\myapp\migrations\0007_alter_documentsubmission_document_type.py", "Python", 12, 0, 0, 0, 0, 0, 0, 0, 0, 0, 0, 0, 0, 0, 0, 0, 0, 1, 6, 19
"d:\Python\TCU_CEAA\backend\myapp\migrations\0008_alter_documentsubmission_document_type.py", "Python", 12, 0, 0, 0, 0, 0, 0, 0, 0, 0, 0, 0, 0, 0, 0, 0, 0, 1, 6, 19
"d:\Python\TCU_CEAA\backend\myapp\migrations\0009_alter_documentsubmission_document_type.py", "Python", 12, 0, 0, 0, 0, 0, 0, 0, 0, 0, 0, 0, 0, 0, 0, 0, 0, 1, 6, 19
"d:\Python\TCU_CEAA\backend\myapp\migrations\0010_allowanceapplication_email_sent_and_more.py", "Python", 22, 0, 0, 0, 0, 0, 0, 0, 0, 0, 0, 0, 0, 0, 0, 0, 0, 1, 6, 29
"d:\Python\TCU_CEAA\backend\myapp\migrations\0011_remove_allowanceapplication_schedule_date_and_more.py", "Python", 30, 0, 0, 0, 0, 0, 0, 0, 0, 0, 0, 0, 0, 0, 0, 0, 0, 1, 6, 37
"d:\Python\TCU_CEAA\backend\myapp\migrations\0012_customuser_middle_initial.py", "Python", 12, 0, 0, 0, 0, 0, 0, 0, 0, 0, 0, 0, 0, 0, 0, 0, 0, 1, 6, 19
"d:\Python\TCU_CEAA\backend\myapp\migrations\0013_systemanalytics_and_more.py", "Python", 76, 0, 0, 0, 0, 0, 0, 0, 0, 0, 0, 0, 0, 0, 0, 0, 0, 1, 6, 83
"d:\Python\TCU_CEAA\backend\myapp\migrations\0014_alter_gradesubmission_general_weighted_average_and_more.py", "Python", 18, 0, 0, 0, 0, 0, 0, 0, 0, 0, 0, 0, 0, 0, 0, 0, 0, 1, 6, 25
"d:\Python\TCU_CEAA\backend\myapp\migrations\0014_customuser_is_email_verified_and_more.py", "Python", 39, 0, 0, 0, 0, 0, 0, 0, 0, 0, 0, 0, 0, 0, 0, 0, 0, 1, 6, 46
"d:\Python\TCU_CEAA\backend\myapp\migrations\0015_customuser_ai_verification_score.py", "Python", 12, 0, 0, 0, 0, 0, 0, 0, 0, 0, 0, 0, 0, 0, 0, 0, 0, 1, 6, 19
"d:\Python\TCU_CEAA\backend\myapp\migrations\0016_documentsubmission_address_match_score.py", "Python", 12, 0, 0, 0, 0, 0, 0, 0, 0, 0, 0, 0, 0, 0, 0, 0, 0, 1, 6, 19
"d:\Python\TCU_CEAA\backend\myapp\migrations\0017_add_verified_student_model.py", "Python", 36, 0, 0, 0, 0, 0, 0, 0, 0, 0, 0, 0, 0, 0, 0, 0, 0, 1, 6, 43
"d:\Python\TCU_CEAA\backend\myapp\migrations\0017_merge_20251102_1109.py", "Python", 8, 0, 0, 0, 0, 0, 0, 0, 0, 0, 0, 0, 0, 0, 0, 0, 0, 1, 6, 15
"d:\Python\TCU_CEAA\backend\myapp\migrations\0018_add_file_validators.py", "Python", 24, 0, 0, 0, 0, 0, 0, 0, 0, 0, 0, 0, 0, 0, 0, 0, 0, 1, 6, 31
"d:\Python\TCU_CEAA\backend\myapp\migrations\0018_basicqualification.py", "Python", 32, 0, 0, 0, 0, 0, 0, 0, 0, 0, 0, 0, 0, 0, 0, 0, 0, 1, 6, 39
"d:\Python\TCU_CEAA\backend\myapp\migrations\0019_alter_basicqualification_has_good_moral_character_and_more.py", "Python", 42, 0, 0, 0, 0, 0, 0, 0, 0, 0, 0, 0, 0, 0, 0, 0, 0, 1, 6, 49
"d:\Python\TCU_CEAA\backend\myapp\migrations\0019_customuser_email_verified_at_and_more.py", "Python", 81, 0, 0, 0, 0, 0, 0, 0, 0, 0, 0, 0, 0, 0, 0, 0, 0, 2, 6, 89
"d:\Python\TCU_CEAA\backend\myapp\migrations\0020_merge_20251104_2222.py", "Python", 8, 0, 0, 0, 0, 0, 0, 0, 0, 0, 0, 0, 0, 0, 0, 0, 0, 1, 6, 15
"d:\Python\TCU_CEAA\backend\myapp\migrations\0021_merge_20251105_1225.py", "Python", 8, 0, 0, 0, 0, 0, 0, 0, 0, 0, 0, 0, 0, 0, 0, 0, 0, 1, 6, 15
"d:\Python\TCU_CEAA\backend\myapp\migrations\0022_fullapplication_delete_emailverification.py", "Python", 33, 0, 0, 0, 0, 0, 0, 0, 0, 0, 0, 0, 0, 0, 0, 0, 0, 1, 6, 40
"d:\Python\TCU_CEAA\backend\myapp\migrations\0023_remove_fullapplication_birth_date_and_more.py", "Python", 340, 0, 0, 0, 0, 0, 0, 0, 0, 0, 0, 0, 0, 0, 0, 0, 0, 1, 6, 347
"d:\Python\TCU_CEAA\backend\myapp\migrations\0024_alter_customuser_is_email_verified_and_more.py", "Python", 15, 0, 0, 0, 0, 0, 0, 0, 0, 0, 0, 0, 0, 0, 0, 0, 0, 1, 6, 22
"d:\Python\TCU_CEAA\backend\myapp\migrations\0025_documentsubmission_face_detected_in_document_and_more.py", "Python", 117, 0, 0, 0, 0, 0, 0, 0, 0, 0, 0, 0, 0, 0, 0, 0, 0, 1, 6, 124
"d:\Python\TCU_CEAA\backend\myapp\migrations\0026_fraudreport_fraudnotification_useraccountaction_and_more.py", "Python", 363, 0, 0, 0, 0, 0, 0, 0, 0, 0, 0, 0, 0, 0, 0, 0, 0, 1, 6, 370
"d:\Python\TCU_CEAA\backend\myapp\migrations\0027_add_subject_tracking_fields.py", "Python", 94, 0, 0, 0, 0, 0, 0, 0, 0, 0, 0, 0, 0, 0, 0, 0, 0, 1, 6, 101
"d:\Python\TCU_CEAA\backend\myapp\migrations\0028_alter_gradesubmission_unique_together_and_more.py", "Python", 22, 0, 0, 0, 0, 0, 0, 0, 0, 0, 0, 0, 0, 0, 0, 0, 0, 1, 6, 29
"d:\Python\TCU_CEAA\backend\myapp\migrations\0029_add_face_verification_fields.py", "Python", 71, 0, 0, 0, 0, 0, 0, 0, 0, 0, 0, 0, 0, 0, 0, 0, 0, 1, 6, 78
"d:\Python\TCU_CEAA\backend\myapp\migrations\0030_allowanceapplication_last_verification_attempt_at_and_more.py", "Python", 32, 0, 0, 0, 0, 0, 0, 0, 0, 0, 0, 0, 0, 0, 0, 0, 0, 1, 6, 39
"d:\Python\TCU_CEAA\backend\myapp\migrations\0031_verificationadjudication.py", "Python", 215, 0, 0, 0, 0, 0, 0, 0, 0, 0, 0, 0, 0, 0, 0, 0, 0, 1, 6, 222
"d:\Python\TCU_CEAA\backend\myapp\migrations\0032_remove_verificationadjudication_automated_rekognition_score_and_more.py", "Python", 213, 0, 0, 0, 0, 0, 0, 0, 0, 0, 0, 0, 0, 0, 0, 0, 0, 1, 6, 220
"d:\Python\TCU_CEAA\backend\myapp\migrations\__init__.py", "Python", 0, 0, 0, 0, 0, 0, 0, 0, 0, 0, 0, 0, 0, 0, 0, 0, 0, 0, 1, 1
"d:\Python\TCU_CEAA\backend\myapp\models.py", "Python", 933, 0, 0, 0, 0, 0, 0, 0, 0, 0, 0, 0, 0, 0, 0, 0, 0, 187, 189, 1309
"d:\Python\TCU_CEAA\backend\myapp\rekognition_service.py", "Python", 168, 0, 0, 0, 0, 0, 0, 0, 0, 0, 0, 0, 0, 0, 0, 0, 0, 56, 34, 258
"d:\Python\TCU_CEAA\backend\myapp\semester_grouping_service.py", "Python", 240, 0, 0, 0, 0, 0, 0, 0, 0, 0, 0, 0, 0, 0, 0, 0, 0, 145, 59, 444
"d:\Python\TCU_CEAA\backend\myapp\serializers.py", "Python", 1470, 0, 0, 0, 0, 0, 0, 0, 0, 0, 0, 0, 0, 0, 0, 0, 0, 202, 281, 1953
"d:\Python\TCU_CEAA\backend\myapp\services.py", "Python", 230, 0, 0, 0, 0, 0, 0, 0, 0, 0, 0, 0, 0, 0, 0, 0, 0, 54, 52, 336
"d:\Python\TCU_CEAA\backend\myapp\storage_backends.py", "Python", 67, 0, 0, 0, 0, 0, 0, 0, 0, 0, 0, 0, 0, 0, 0, 0, 0, 55, 22, 144
"d:\Python\TCU_CEAA\backend\myapp\tasks.py", "Python", 257, 0, 0, 0, 0, 0, 0, 0, 0, 0, 0, 0, 0, 0, 0, 0, 0, 59, 57, 373
"d:\Python\TCU_CEAA\backend\myapp\templates\approved_email.html", "HTML", 0, 0, 0, 99, 0, 0, 0, 0, 0, 0, 0, 0, 0, 0, 0, 0, 0, 1, 11, 111
"d:\Python\TCU_CEAA\backend\myapp\templates\emails\application_received.html", "HTML", 0, 0, 0, 204, 0, 0, 0, 0, 0, 0, 0, 0, 0, 0, 0, 0, 0, 0, 9, 213
"d:\Python\TCU_CEAA\backend\myapp\templates\emails\application_status_update.html", "HTML", 0, 0, 0, 270, 0, 0, 0, 0, 0, 0, 0, 0, 0, 0, 0, 0, 0, 0, 10, 280
"d:\Python\TCU_CEAA\backend\myapp\templates\emails\verification_code.html", "HTML", 0, 0, 0, 174, 0, 0, 0, 0, 0, 0, 0, 0, 0, 0, 0, 0, 0, 0, 8, 182
"d:\Python\TCU_CEAA\backend\myapp\tests.py", "Python", 84, 0, 0, 0, 0, 0, 0, 0, 0, 0, 0, 0, 0, 0, 0, 0, 0, 14, 14, 112
"d:\Python\TCU_CEAA\backend\myapp\urls.py", "Python", 75, 0, 0, 0, 0, 0, 0, 0, 0, 0, 0, 0, 0, 0, 0, 0, 0, 9, 11, 95
"d:\Python\TCU_CEAA\backend\myapp\validators.py", "Python", 182, 0, 0, 0, 0, 0, 0, 0, 0, 0, 0, 0, 0, 0, 0, 0, 0, 45, 45, 272
"d:\Python\TCU_CEAA\backend\myapp\verification_views.py", "Python", 103, 0, 0, 0, 0, 0, 0, 0, 0, 0, 0, 0, 0, 0, 0, 0, 0, 30, 27, 160
"d:\Python\TCU_CEAA\backend\myapp\views.py", "Python", 2690, 0, 0, 0, 0, 0, 0, 0, 0, 0, 0, 0, 0, 0, 0, 0, 0, 451, 499, 3640
"d:\Python\TCU_CEAA\backend\myapp\voter_certificate_verification_service.py", "Python", 649, 0, 0, 0, 0, 0, 0, 0, 0, 0, 0, 0, 0, 0, 0, 0, 0, 278, 155, 1082
"d:\Python\TCU_CEAA\backend\ocr_text_interpreter.py", "Python", 355, 0, 0, 0, 0, 0, 0, 0, 0, 0, 0, 0, 0, 0, 0, 0, 0, 123, 76, 554
"d:\Python\TCU_CEAA\backend\quick_test_identity.py", "Python", 51, 0, 0, 0, 0, 0, 0, 0, 0, 0, 0, 0, 0, 0, 0, 0, 0, 12, 15, 78
"d:\Python\TCU_CEAA\backend\reanalyze_it102_with_ai.py", "Python", 143, 0, 0, 0, 0, 0, 0, 0, 0, 0, 0, 0, 0, 0, 0, 0, 0, 22, 38, 203
"d:\Python\TCU_CEAA\backend\reprocess_birth_cert_doc.py", "Python", 83, 0, 0, 0, 0, 0, 0, 0, 0, 0, 0, 0, 0, 0, 0, 0, 0, 10, 22, 115
"d:\Python\TCU_CEAA\backend\reprocess_coe.py", "Python", 61, 0, 0, 0, 0, 0, 0, 0, 0, 0, 0, 0, 0, 0, 0, 0, 0, 11, 20, 92
"d:\Python\TCU_CEAA\backend\reprocess_document.py", "Python", 143, 0, 0, 0, 0, 0, 0, 0, 0, 0, 0, 0, 0, 0, 0, 0, 0, 11, 33, 187
"d:\Python\TCU_CEAA\backend\reprocess_it102_grade.py", "Python", 128, 0, 0, 0, 0, 0, 0, 0, 0, 0, 0, 0, 0, 0, 0, 0, 0, 20, 34, 182
"d:\Python\TCU_CEAA\backend\reprocess_it102_grade_fixed.py", "Python", 139, 0, 0, 0, 0, 0, 0, 0, 0, 0, 0, 0, 0, 0, 0, 0, 0, 22, 33, 194
"d:\Python\TCU_CEAA\backend\reprocess_rejected_voter_doc.py", "Python", 95, 0, 0, 0, 0, 0, 0, 0, 0, 0, 0, 0, 0, 0, 0, 0, 0, 7, 24, 126
"d:\Python\TCU_CEAA\backend\reprocess_voter_cert.py", "Python", 88, 0, 0, 0, 0, 0, 0, 0, 0, 0, 0, 0, 0, 0, 0, 0, 0, 11, 24, 123
"d:\Python\TCU_CEAA\backend\requirements.txt", "pip requirements", 0, 0, 0, 0, 0, 0, 0, 0, 0, 0, 24, 0, 0, 0, 0, 0, 0, 35, 19, 78
"d:\Python\TCU_CEAA\backend\set_email_verified.py", "Python", 24, 0, 0, 0, 0, 0, 0, 0, 0, 0, 0, 0, 0, 0, 0, 0, 0, 6, 10, 40
"d:\Python\TCU_CEAA\backend\setup_email_password.py", "Python", 120, 0, 0, 0, 0, 0, 0, 0, 0, 0, 0, 0, 0, 0, 0, 0, 0, 85, 25, 230
"d:\Python\TCU_CEAA\backend\test_ai_generated_detector.py", "Python", 326, 0, 0, 0, 0, 0, 0, 0, 0, 0, 0, 0, 0, 0, 0, 0, 0, 68, 113, 507
"d:\Python\TCU_CEAA\backend\test_ai_system_simple.py", "Python", 109, 0, 0, 0, 0, 0, 0, 0, 0, 0, 0, 0, 0, 0, 0, 0, 0, 15, 29, 153
"d:\Python\TCU_CEAA\backend\test_ai_verification.py", "Python", 29, 0, 0, 0, 0, 0, 0, 0, 0, 0, 0, 0, 0, 0, 0, 0, 0, 4, 8, 41
"d:\Python\TCU_CEAA\backend\test_api_response.py", "Python", 27, 0, 0, 0, 0, 0, 0, 0, 0, 0, 0, 0, 0, 0, 0, 0, 0, 6, 9, 42
"d:\Python\TCU_CEAA\backend\test_application_emails.py", "Python", 126, 0, 0, 0, 0, 0, 0, 0, 0, 0, 0, 0, 0, 0, 0, 0, 0, 16, 28, 170
"d:\Python\TCU_CEAA\backend\test_applications_api.py", "Python", 18, 0, 0, 0, 0, 0, 0, 0, 0, 0, 0, 0, 0, 0, 0, 0, 0, 4, 6, 28
"d:\Python\TCU_CEAA\backend\test_birth_cert_service.py", "Python", 65, 0, 0, 0, 0, 0, 0, 0, 0, 0, 0, 0, 0, 0, 0, 0, 0, 3, 20, 88
"d:\Python\TCU_CEAA\backend\test_birth_cert_with_application.py", "Python", 92, 0, 0, 0, 0, 0, 0, 0, 0, 0, 0, 0, 0, 0, 0, 0, 0, 9, 21, 122
"d:\Python\TCU_CEAA\backend\test_coe_service_with_ocr.py", "Python", 123, 0, 0, 0, 0, 0, 0, 0, 0, 0, 0, 0, 0, 0, 0, 0, 0, 31, 34, 188
"d:\Python\TCU_CEAA\backend\test_coe_verification.py", "Python", 129, 0, 0, 0, 0, 0, 0, 0, 0, 0, 0, 0, 0, 0, 0, 0, 0, 28, 34, 191
"d:\Python\TCU_CEAA\backend\test_coe_with_ocr.py", "Python", 274, 0, 0, 0, 0, 0, 0, 0, 0, 0, 0, 0, 0, 0, 0, 0, 0, 67, 77, 418
"d:\Python\TCU_CEAA\backend\test_college_detection.py", "Python", 41, 0, 0, 0, 0, 0, 0, 0, 0, 0, 0, 0, 0, 0, 0, 0, 0, 111, 7, 159
"d:\Python\TCU_CEAA\backend\test_complete_system.py", "Python", 227, 0, 0, 0, 0, 0, 0, 0, 0, 0, 0, 0, 0, 0, 0, 0, 0, 41, 63, 331
"d:\Python\TCU_CEAA\backend\test_comprehensive_enhanced_ai.py", "Python", 322, 0, 0, 0, 0, 0, 0, 0, 0, 0, 0, 0, 0, 0, 0, 0, 0, 41, 76, 439
"d:\Python\TCU_CEAA\backend\test_database_config.py", "Python", 112, 0, 0, 0, 0, 0, 0, 0, 0, 0, 0, 0, 0, 0, 0, 0, 0, 13, 20, 145
"d:\Python\TCU_CEAA\backend\test_database_verification.py", "Python", 64, 0, 0, 0, 0, 0, 0, 0, 0, 0, 0, 0, 0, 0, 0, 0, 0, 11, 14, 89
"d:\Python\TCU_CEAA\backend\test_email_config.py", "Python", 68, 0, 0, 0, 0, 0, 0, 0, 0, 0, 0, 0, 0, 0, 0, 0, 0, 11, 18, 97
"d:\Python\TCU_CEAA\backend\test_email_system.py", "Python", 193, 0, 0, 0, 0, 0, 0, 0, 0, 0, 0, 0, 0, 0, 0, 0, 0, 28, 47, 268
"d:\Python\TCU_CEAA\backend\test_endpoint_response.py", "Python", 40, 0, 0, 0, 0, 0, 0, 0, 0, 0, 0, 0, 0, 0, 0, 0, 0, 6, 11, 57
"d:\Python\TCU_CEAA\backend\test_enhanced_ai_algorithms.py", "Python", 467, 0, 0, 0, 0, 0, 0, 0, 0, 0, 0, 0, 0, 0, 0, 0, 0, 73, 124, 664
"d:\Python\TCU_CEAA\backend\test_exact_api.py", "Python", 36, 0, 0, 0, 0, 0, 0, 0, 0, 0, 0, 0, 0, 0, 0, 0, 0, 5, 8, 49
"d:\Python\TCU_CEAA\backend\test_file_validators.py", "Python", 155, 0, 0, 0, 0, 0, 0, 0, 0, 0, 0, 0, 0, 0, 0, 0, 0, 14, 27, 196
"d:\Python\TCU_CEAA\backend\test_fraud_api.py", "Python", 188, 0, 0, 0, 0, 0, 0, 0, 0, 0, 0, 0, 0, 0, 0, 0, 0, 21, 49, 258
"d:\Python\TCU_CEAA\backend\test_fraud_detection.py", "Python", 290, 0, 0, 0, 0, 0, 0, 0, 0, 0, 0, 0, 0, 0, 0, 0, 0, 36, 62, 388
"d:\Python\TCU_CEAA\backend\test_full_application_api.py", "Python", 22, 0, 0, 0, 0, 0, 0, 0, 0, 0, 0, 0, 0, 0, 0, 0, 0, 6, 5, 33
"d:\Python\TCU_CEAA\backend\test_grade_verification_endpoint.py", "Python", 155, 0, 0, 0, 0, 0, 0, 0, 0, 0, 0, 0, 0, 0, 0, 0, 0, 24, 45, 224
"d:\Python\TCU_CEAA\backend\test_grouped_endpoint.py", "Python", 13, 0, 0, 0, 0, 0, 0, 0, 0, 0, 0, 0, 0, 0, 0, 0, 0, 3, 6, 22
"d:\Python\TCU_CEAA\backend\test_id_verification_integration.py", "Python", 113, 0, 0, 0, 0, 0, 0, 0, 0, 0, 0, 0, 0, 0, 0, 0, 0, 15, 27, 155
"d:\Python\TCU_CEAA\backend\test_identity_verification.py", "Python", 181, 0, 0, 0, 0, 0, 0, 0, 0, 0, 0, 0, 0, 0, 0, 0, 0, 25, 51, 257
"d:\Python\TCU_CEAA\backend\test_import.py", "Python", 12, 0, 0, 0, 0, 0, 0, 0, 0, 0, 0, 0, 0, 0, 0, 0, 0, 2, 3, 17
"d:\Python\TCU_CEAA\backend\test_improved_patterns.py", "Python", 87, 0, 0, 0, 0, 0, 0, 0, 0, 0, 0, 0, 0, 0, 0, 0, 0, 29, 23, 139
"d:\Python\TCU_CEAA\backend\test_integration_coe_id_verification.py", "Python", 239, 0, 0, 0, 0, 0, 0, 0, 0, 0, 0, 0, 0, 0, 0, 0, 0, 36, 77, 352
"d:\Python\TCU_CEAA\backend\test_login_fix.py", "Python", 73, 0, 0, 0, 0, 0, 0, 0, 0, 0, 0, 0, 0, 0, 0, 0, 0, 13, 20, 106
"d:\Python\TCU_CEAA\backend\test_name_extraction.py", "Python", 133, 0, 0, 0, 0, 0, 0, 0, 0, 0, 0, 0, 0, 0, 0, 0, 0, 57, 7, 197
"d:\Python\TCU_CEAA\backend\test_quick_validation.py", "Python", 143, 0, 0, 0, 0, 0, 0, 0, 0, 0, 0, 0, 0, 0, 0, 0, 0, 25, 43, 211
"d:\Python\TCU_CEAA\backend\test_send_email.py", "Python", 105, 0, 0, 0, 0, 0, 0, 0, 0, 0, 0, 0, 0, 0, 0, 0, 0, 75, 18, 198
"d:\Python\TCU_CEAA\backend\test_send_email_smtp.py", "Python", 144, 0, 0, 0, 0, 0, 0, 0, 0, 0, 0, 0, 0, 0, 0, 0, 0, 112, 25, 281
"d:\Python\TCU_CEAA\backend\test_voter_certificate_service.py", "Python", 131, 0, 0, 0, 0, 0, 0, 0, 0, 0, 0, 0, 0, 0, 0, 0, 0, 27, 42, 200
"d:\Python\TCU_CEAA\backend\test_voter_integration.py", "Python", 68, 0, 0, 0, 0, 0, 0, 0, 0, 0, 0, 0, 0, 0, 0, 0, 0, 3, 18, 89
"d:\Python\TCU_CEAA\backend\tests\__init__.py", "Python", 0, 0, 0, 0, 0, 0, 0, 0, 0, 0, 0, 0, 0, 0, 0, 0, 0, 3, 1, 4
"d:\Python\TCU_CEAA\backend\tests\test_coe_id_verification_services.py", "Python", 356, 0, 0, 0, 0, 0, 0, 0, 0, 0, 0, 0, 0, 0, 0, 0, 0, 64, 87, 507
"d:\Python\TCU_CEAA\backend\verify_admin.py", "Python", 39, 0, 0, 0, 0, 0, 0, 0, 0, 0, 0, 0, 0, 0, 0, 0, 0, 6, 9, 54
"d:\Python\TCU_CEAA\backend\verify_all_old_accounts.py", "Python", 37, 0, 0, 0, 0, 0, 0, 0, 0, 0, 0, 0, 0, 0, 0, 0, 0, 9, 15, 61
"d:\Python\TCU_CEAA\backend\verify_user_email.py", "Python", 46, 0, 0, 0, 0, 0, 0, 0, 0, 0, 0, 0, 0, 0, 0, 0, 0, 10, 12, 68
"d:\Python\TCU_CEAA\backend\voter_certificate_verification_results.json", "JSON", 0, 0, 0, 0, 0, 0, 121, 0, 0, 0, 0, 0, 0, 0, 0, 0, 0, 0, 0, 121
"d:\Python\TCU_CEAA\create_database.py", "Python", 89, 0, 0, 0, 0, 0, 0, 0, 0, 0, 0, 0, 0, 0, 0, 0, 0, 10, 19, 118
"d:\Python\TCU_CEAA\debug_coe_extraction.py", "Python", 83, 0, 0, 0, 0, 0, 0, 0, 0, 0, 0, 0, 0, 0, 0, 0, 0, 9, 21, 113
"d:\Python\TCU_CEAA\docker-compose.prod.yml", "YAML", 0, 0, 0, 0, 93, 0, 0, 0, 0, 0, 0, 0, 0, 0, 0, 0, 0, 5, 8, 106
"d:\Python\TCU_CEAA\docker-compose.yml", "YAML", 0, 0, 0, 0, 39, 0, 0, 0, 0, 0, 0, 0, 0, 0, 0, 0, 0, 1, 5, 45
"d:\Python\TCU_CEAA\docs\AI_INTEGRATION_README.md", "Markdown", 0, 190, 0, 0, 0, 0, 0, 0, 0, 0, 0, 0, 0, 0, 0, 0, 0, 0, 50, 240
"d:\Python\TCU_CEAA\docs\DEPLOYMENT.md", "Markdown", 0, 70, 0, 0, 0, 0, 0, 0, 0, 0, 0, 0, 0, 0, 0, 0, 0, 0, 17, 87
"d:\Python\TCU_CEAA\docs\DOCUMENTATION_README.md", "Markdown", 0, 16, 0, 0, 0, 0, 0, 0, 0, 0, 0, 0, 0, 0, 0, 0, 0, 0, 7, 23
"d:\Python\TCU_CEAA\docs\ENV_VARIABLES_REFERENCE.md", "Markdown", 0, 85, 0, 0, 0, 0, 0, 0, 0, 0, 0, 0, 0, 0, 0, 0, 0, 0, 32, 117
"d:\Python\TCU_CEAA\docs\IMPLEMENTATION_CHECKLIST.md", "Markdown", 0, 209, 0, 0, 0, 0, 0, 0, 0, 0, 0, 0, 0, 0, 0, 0, 0, 0, 46, 255
"d:\Python\TCU_CEAA\docs\README.md", "Markdown", 0, 320, 0, 0, 0, 0, 0, 0, 0, 0, 0, 0, 0, 0, 0, 0, 0, 0, 79, 399
"d:\Python\TCU_CEAA\docs\guides\INSTALL_POSTGRESQL.md", "Markdown", 0, 128, 0, 0, 0, 0, 0, 0, 0, 0, 0, 0, 0, 0, 0, 0, 0, 0, 52, 180
"d:\Python\TCU_CEAA\docs\guides\PGADMIN_CONNECTION_GUIDE.md", "Markdown", 0, 46, 0, 0, 0, 0, 0, 0, 0, 0, 0, 0, 0, 0, 0, 0, 0, 0, 14, 60
"d:\Python\TCU_CEAA\docs\guides\POSTGRESQL_SETUP.md", "Markdown", 0, 103, 0, 0, 0, 0, 0, 0, 0, 0, 0, 0, 0, 0, 0, 0, 0, 0, 44, 147
"d:\Python\TCU_CEAA\fix_grade_eligibility.ps1", "PowerShell", 0, 0, 63, 0, 0, 0, 0, 0, 0, 0, 0, 0, 0, 0, 0, 0, 0, 3, 14, 80
"d:\Python\TCU_CEAA\fix_grade_eligibility_final.ps1", "PowerShell", 0, 0, 90, 0, 0, 0, 0, 0, 0, 0, 0, 0, 0, 0, 0, 0, 0, 3, 16, 109
"d:\Python\TCU_CEAA\fix_postgres_connection.ps1", "PowerShell", 0, 0, 87, 0, 0, 0, 0, 0, 0, 0, 0, 0, 0, 0, 0, 0, 0, 11, 22, 120
"d:\Python\TCU_CEAA\fix_postgres_password_now.ps1", "PowerShell", 0, 0, 55, 0, 0, 0, 0, 0, 0, 0, 0, 0, 0, 0, 0, 0, 0, 3, 10, 68
"d:\Python\TCU_CEAA\fix_stuck_document.py", "Python", 40, 0, 0, 0, 0, 0, 0, 0, 0, 0, 0, 0, 0, 0, 0, 0, 0, 7, 10, 57
"d:\Python\TCU_CEAA\frontend\Dockerfile", "Docker", 0, 0, 0, 0, 0, 0, 0, 0, 8, 0, 0, 0, 0, 0, 0, 0, 0, 6, 8, 22
"d:\Python\TCU_CEAA\frontend\README.md", "Markdown", 0, 26, 0, 0, 0, 0, 0, 0, 0, 0, 0, 0, 0, 0, 0, 0, 0, 0, 21, 47
"d:\Python\TCU_CEAA\frontend\nginx.conf", "Properties", 0, 0, 0, 0, 0, 0, 0, 26, 0, 0, 0, 0, 0, 0, 0, 0, 0, 13, 8, 47
"d:\Python\TCU_CEAA\frontend\package-lock.json", "JSON", 0, 0, 0, 0, 0, 0, 17674, 0, 0, 0, 0, 0, 0, 0, 0, 0, 0, 0, 1, 17675
"d:\Python\TCU_CEAA\frontend\package.json", "JSON", 0, 0, 0, 0, 0, 0, 66, 0, 0, 0, 0, 0, 0, 0, 0, 0, 0, 0, 1, 67
"d:\Python\TCU_CEAA\frontend\public\index.html", "HTML", 0, 0, 0, 21, 0, 0, 0, 0, 0, 0, 0, 0, 0, 0, 0, 0, 0, 23, 1, 45
"d:\Python\TCU_CEAA\frontend\public\manifest.json", "JSON", 0, 0, 0, 0, 0, 0, 25, 0, 0, 0, 0, 0, 0, 0, 0, 0, 0, 0, 1, 26
"d:\Python\TCU_CEAA\frontend\src\App-EmailTest.tsx", "TypeScript JSX", 0, 0, 0, 0, 0, 0, 0, 0, 0, 0, 0, 0, 0, 0, 0, 10, 0, 0, 3, 13
"d:\Python\TCU_CEAA\frontend\src\App.css", "PostCSS", 0, 0, 0, 0, 0, 0, 0, 0, 0, 0, 0, 0, 0, 0, 72, 0, 0, 4, 13, 89
"d:\Python\TCU_CEAA\frontend\src\App.test.tsx", "TypeScript JSX", 0, 0, 0, 0, 0, 0, 0, 0, 0, 0, 0, 0, 0, 0, 0, 23, 0, 4, 6, 33
"d:\Python\TCU_CEAA\frontend\src\App.tsx", "TypeScript JSX", 0, 0, 0, 0, 0, 0, 0, 0, 0, 0, 0, 0, 0, 0, 0, 159, 0, 2, 25, 186
"d:\Python\TCU_CEAA\frontend\src\ai-system.ts", "TypeScript", 0, 0, 0, 0, 0, 0, 0, 0, 0, 0, 0, 0, 17, 0, 0, 0, 0, 128, 6, 151
"d:\Python\TCU_CEAA\frontend\src\components\AIDocumentProcessor.css", "PostCSS", 0, 0, 0, 0, 0, 0, 0, 0, 0, 0, 0, 0, 0, 0, 368, 0, 0, 16, 71, 455
"d:\Python\TCU_CEAA\frontend\src\components\AIDocumentProcessor.tsx", "TypeScript JSX", 0, 0, 0, 0, 0, 0, 0, 0, 0, 0, 0, 0, 0, 0, 0, 185, 0, 13, 24, 222
"d:\Python\TCU_CEAA\frontend\src\components\AIVerificationDashboard.css", "PostCSS", 0, 0, 0, 0, 0, 0, 0, 0, 0, 0, 0, 0, 0, 0, 514, 0, 0, 22, 88, 624
"d:\Python\TCU_CEAA\frontend\src\components\AIVerificationDashboard.tsx", "TypeScript JSX", 0, 0, 0, 0, 0, 0, 0, 0, 0, 0, 0, 0, 0, 0, 0, 347, 0, 16, 32, 395
"d:\Python\TCU_CEAA\frontend\src\components\AdminAIDashboard.css", "PostCSS", 0, 0, 0, 0, 0, 0, 0, 0, 0, 0, 0, 0, 0, 0, 769, 0, 0, 38, 148, 955
"d:\Python\TCU_CEAA\frontend\src\components\AdminAIDashboard.tsx", "TypeScript JSX", 0, 0, 0, 0, 0, 0, 0, 0, 0, 0, 0, 0, 0, 0, 0, 272, 0, 11, 30, 313
"d:\Python\TCU_CEAA\frontend\src\components\AdminApprovalWithEmail.tsx", "TypeScript JSX", 0, 0, 0, 0, 0, 0, 0, 0, 0, 0, 0, 0, 0, 0, 0, 286, 0, 18, 23, 327
"d:\Python\TCU_CEAA\frontend\src\components\AdminDashboard.css", "PostCSS", 0, 0, 0, 0, 0, 0, 0, 0, 0, 0, 0, 0, 0, 0, 1130, 0, 0, 28, 203, 1361
"d:\Python\TCU_CEAA\frontend\src\components\AdminDashboard.tsx", "TypeScript JSX", 0, 0, 0, 0, 0, 0, 0, 0, 0, 0, 0, 0, 0, 0, 0, 2455, 0, 68, 110, 2633
"d:\Python\TCU_CEAA\frontend\src\components\AllowanceApplicationForm.css", "PostCSS", 0, 0, 0, 0, 0, 0, 0, 0, 0, 0, 0, 0, 0, 0, 1024, 0, 0, 31, 163, 1218
"d:\Python\TCU_CEAA\frontend\src\components\AllowanceApplicationForm.tsx", "TypeScript JSX", 0, 0, 0, 0, 0, 0, 0, 0, 0, 0, 0, 0, 0, 0, 0, 472, 0, 22, 54, 548
"d:\Python\TCU_CEAA\frontend\src\components\ApplicationDetailsPage.css", "PostCSS", 0, 0, 0, 0, 0, 0, 0, 0, 0, 0, 0, 0, 0, 0, 454, 0, 0, 16, 83, 553
"d:\Python\TCU_CEAA\frontend\src\components\ApplicationDetailsPage.tsx", "TypeScript JSX", 0, 0, 0, 0, 0, 0, 0, 0, 0, 0, 0, 0, 0, 0, 0, 248, 0, 6, 22, 276
"d:\Python\TCU_CEAA\frontend\src\components\ApplicationsManagement.css", "PostCSS", 0, 0, 0, 0, 0, 0, 0, 0, 0, 0, 0, 0, 0, 0, 711, 0, 0, 9, 123, 843
"d:\Python\TCU_CEAA\frontend\src\components\ApplicationsManagement.tsx", "TypeScript JSX", 0, 0, 0, 0, 0, 0, 0, 0, 0, 0, 0, 0, 0, 0, 0, 469, 0, 15, 44, 528
"d:\Python\TCU_CEAA\frontend\src\components\BasicQualification.css", "PostCSS", 0, 0, 0, 0, 0, 0, 0, 0, 0, 0, 0, 0, 0, 0, 478, 0, 0, 9, 86, 573
"d:\Python\TCU_CEAA\frontend\src\components\BasicQualification.tsx", "TypeScript JSX", 0, 0, 0, 0, 0, 0, 0, 0, 0, 0, 0, 0, 0, 0, 0, 276, 0, 9, 33, 318
"d:\Python\TCU_CEAA\frontend\src\components\BiometricConsentDisclaimer.css", "PostCSS", 0, 0, 0, 0, 0, 0, 0, 0, 0, 0, 0, 0, 0, 0, 248, 0, 0, 2, 48, 298
"d:\Python\TCU_CEAA\frontend\src\components\BiometricConsentDisclaimer.tsx", "TypeScript JSX", 0, 0, 0, 0, 0, 0, 0, 0, 0, 0, 0, 0, 0, 0, 0, 139, 0, 6, 13, 158
"d:\Python\TCU_CEAA\frontend\src\components\DefaultAvatar.tsx", "TypeScript JSX", 0, 0, 0, 0, 0, 0, 0, 0, 0, 0, 0, 0, 0, 0, 0, 58, 0, 1, 9, 68
"d:\Python\TCU_CEAA\frontend\src\components\DocumentRequirements.css", "PostCSS", 0, 0, 0, 0, 0, 0, 0, 0, 0, 0, 0, 0, 0, 0, 1379, 0, 0, 39, 242, 1660
"d:\Python\TCU_CEAA\frontend\src\components\DocumentRequirements.tsx", "TypeScript JSX", 0, 0, 0, 0, 0, 0, 0, 0, 0, 0, 0, 0, 0, 0, 0, 819, 0, 46, 98, 963
"d:\Python\TCU_CEAA\frontend\src\components\DocumentSubmissionForm.css", "PostCSS", 0, 0, 0, 0, 0, 0, 0, 0, 0, 0, 0, 0, 0, 0, 529, 0, 0, 4, 75, 608
"d:\Python\TCU_CEAA\frontend\src\components\DocumentSubmissionForm.tsx", "TypeScript JSX", 0, 0, 0, 0, 0, 0, 0, 0, 0, 0, 0, 0, 0, 0, 0, 394, 0, 21, 50, 465
"d:\Python\TCU_CEAA\frontend\src\components\DocumentsManagement.css", "PostCSS", 0, 0, 0, 0, 0, 0, 0, 0, 0, 0, 0, 0, 0, 0, 935, 0, 0, 25, 164, 1124
"d:\Python\TCU_CEAA\frontend\src\components\DocumentsManagement.tsx", "TypeScript JSX", 0, 0, 0, 0, 0, 0, 0, 0, 0, 0, 0, 0, 0, 0, 0, 552, 0, 24, 45, 621
"d:\Python\TCU_CEAA\frontend\src\components\DocumentsPage.css", "PostCSS", 0, 0, 0, 0, 0, 0, 0, 0, 0, 0, 0, 0, 0, 0, 925, 0, 0, 22, 166, 1113
"d:\Python\TCU_CEAA\frontend\src\components\DocumentsPage.tsx", "TypeScript JSX", 0, 0, 0, 0, 0, 0, 0, 0, 0, 0, 0, 0, 0, 0, 0, 443, 0, 38, 52, 533
"d:\Python\TCU_CEAA\frontend\src\components\EmailForm.tsx", "TypeScript JSX", 0, 0, 0, 0, 0, 0, 0, 0, 0, 0, 0, 0, 0, 0, 0, 336, 0, 4, 27, 367
"d:\Python\TCU_CEAA\frontend\src\components\EmailJsTest.tsx", "TypeScript JSX", 0, 0, 0, 0, 0, 0, 0, 0, 0, 0, 0, 0, 0, 0, 0, 304, 0, 4, 22, 330
"d:\Python\TCU_CEAA\frontend\src\components\EmailVerificationCompact.css", "PostCSS", 0, 0, 0, 0, 0, 0, 0, 0, 0, 0, 0, 0, 0, 0, 193, 0, 0, 2, 29, 224
"d:\Python\TCU_CEAA\frontend\src\components\EmailVerificationCompact.tsx", "TypeScript JSX", 0, 0, 0, 0, 0, 0, 0, 0, 0, 0, 0, 0, 0, 0, 0, 188, 0, 0, 33, 221
"d:\Python\TCU_CEAA\frontend\src\components\EmailVerificationModal.css", "PostCSS", 0, 0, 0, 0, 0, 0, 0, 0, 0, 0, 0, 0, 0, 0, 364, 0, 0, 2, 54, 420
"d:\Python\TCU_CEAA\frontend\src\components\EmailVerificationModal.tsx", "TypeScript JSX", 0, 0, 0, 0, 0, 0, 0, 0, 0, 0, 0, 0, 0, 0, 0, 228, 0, 8, 34, 270
"d:\Python\TCU_CEAA\frontend\src\components\FAQ.css", "PostCSS", 0, 0, 0, 0, 0, 0, 0, 0, 0, 0, 0, 0, 0, 0, 384, 0, 0, 11, 65, 460
"d:\Python\TCU_CEAA\frontend\src\components\FAQ.tsx", "TypeScript JSX", 0, 0, 0, 0, 0, 0, 0, 0, 0, 0, 0, 0, 0, 0, 0, 276, 0, 6, 21, 303
"d:\Python\TCU_CEAA\frontend\src\components\FaceAdjudicationDashboard.css", "PostCSS", 0, 0, 0, 0, 0, 0, 0, 0, 0, 0, 0, 0, 0, 0, 471, 0, 0, 12, 89, 572
"d:\Python\TCU_CEAA\frontend\src\components\FaceAdjudicationDashboard.tsx", "TypeScript JSX", 0, 0, 0, 0, 0, 0, 0, 0, 0, 0, 0, 0, 0, 0, 0, 460, 0, 11, 35, 506
"d:\Python\TCU_CEAA\frontend\src\components\FaceVerification.css", "PostCSS", 0, 0, 0, 0, 0, 0, 0, 0, 0, 0, 0, 0, 0, 0, 0, 0, 0, 0, 1, 1
"d:\Python\TCU_CEAA\frontend\src\components\FaceVerification.tsx", "TypeScript JSX", 0, 0, 0, 0, 0, 0, 0, 0, 0, 0, 0, 0, 0, 0, 0, 215, 0, 2, 25, 242
"d:\Python\TCU_CEAA\frontend\src\components\FastDocumentUploadSimple.jsx", "JavaScript JSX", 0, 0, 0, 0, 0, 0, 0, 0, 0, 0, 0, 0, 0, 0, 0, 0, 235, 8, 33, 276
"d:\Python\TCU_CEAA\frontend\src\components\FullApplicationForm.css", "PostCSS", 0, 0, 0, 0, 0, 0, 0, 0, 0, 0, 0, 0, 0, 0, 1195, 0, 0, 24, 199, 1418
"d:\Python\TCU_CEAA\frontend\src\components\FullApplicationForm.tsx", "TypeScript JSX", 0, 0, 0, 0, 0, 0, 0, 0, 0, 0, 0, 0, 0, 0, 0, 1543, 0, 41, 95, 1679
"d:\Python\TCU_CEAA\frontend\src\components\GradeDetailsModal.css", "PostCSS", 0, 0, 0, 0, 0, 0, 0, 0, 0, 0, 0, 0, 0, 0, 529, 0, 0, 2, 82, 613
"d:\Python\TCU_CEAA\frontend\src\components\GradeDetailsModal.tsx", "TypeScript JSX", 0, 0, 0, 0, 0, 0, 0, 0, 0, 0, 0, 0, 0, 0, 0, 310, 0, 9, 18, 337
"d:\Python\TCU_CEAA\frontend\src\components\GradeSubmissionForm.css", "PostCSS", 0, 0, 0, 0, 0, 0, 0, 0, 0, 0, 0, 0, 0, 0, 1694, 0, 0, 28, 294, 2016
"d:\Python\TCU_CEAA\frontend\src\components\GradeSubmissionForm.tsx", "TypeScript JSX", 0, 0, 0, 0, 0, 0, 0, 0, 0, 0, 0, 0, 0, 0, 0, 429, 0, 28, 52, 509
"d:\Python\TCU_CEAA\frontend\src\components\GradesManagement.css", "PostCSS", 0, 0, 0, 0, 0, 0, 0, 0, 0, 0, 0, 0, 0, 0, 948, 0, 0, 19, 184, 1151
"d:\Python\TCU_CEAA\frontend\src\components\GradesManagement.tsx", "TypeScript JSX", 0, 0, 0, 0, 0, 0, 0, 0, 0, 0, 0, 0, 0, 0, 0, 462, 0, 13, 44, 519
"d:\Python\TCU_CEAA\frontend\src\components\GradesPage.css", "PostCSS", 0, 0, 0, 0, 0, 0, 0, 0, 0, 0, 0, 0, 0, 0, 1387, 0, 0, 32, 262, 1681
"d:\Python\TCU_CEAA\frontend\src\components\GradesPage.tsx", "TypeScript JSX", 0, 0, 0, 0, 0, 0, 0, 0, 0, 0, 0, 0, 0, 0, 0, 522, 0, 24, 55, 601
"d:\Python\TCU_CEAA\frontend\src\components\Header.css", "PostCSS", 0, 0, 0, 0, 0, 0, 0, 0, 0, 0, 0, 0, 0, 0, 216, 0, 0, 0, 35, 251
"d:\Python\TCU_CEAA\frontend\src\components\Header.tsx", "TypeScript JSX", 0, 0, 0, 0, 0, 0, 0, 0, 0, 0, 0, 0, 0, 0, 0, 96, 0, 0, 14, 110
"d:\Python\TCU_CEAA\frontend\src\components\HelpCenter.css", "PostCSS", 0, 0, 0, 0, 0, 0, 0, 0, 0, 0, 0, 0, 0, 0, 400, 0, 0, 11, 69, 480
"d:\Python\TCU_CEAA\frontend\src\components\HelpCenter.tsx", "TypeScript JSX", 0, 0, 0, 0, 0, 0, 0, 0, 0, 0, 0, 0, 0, 0, 0, 305, 0, 0, 21, 326
"d:\Python\TCU_CEAA\frontend\src\components\Icons.css", "PostCSS", 0, 0, 0, 0, 0, 0, 0, 0, 0, 0, 0, 0, 0, 0, 123, 0, 0, 5, 36, 164
"d:\Python\TCU_CEAA\frontend\src\components\Icons.tsx", "TypeScript JSX", 0, 0, 0, 0, 0, 0, 0, 0, 0, 0, 0, 0, 0, 0, 0, 111, 0, 0, 16, 127
"d:\Python\TCU_CEAA\frontend\src\components\ImageCropper.css", "PostCSS", 0, 0, 0, 0, 0, 0, 0, 0, 0, 0, 0, 0, 0, 0, 138, 0, 0, 3, 23, 164
"d:\Python\TCU_CEAA\frontend\src\components\ImageCropper.tsx", "TypeScript JSX", 0, 0, 0, 0, 0, 0, 0, 0, 0, 0, 0, 0, 0, 0, 0, 107, 0, 0, 19, 126
"d:\Python\TCU_CEAA\frontend\src\components\LandingPage.css", "PostCSS", 0, 0, 0, 0, 0, 0, 0, 0, 0, 0, 0, 0, 0, 0, 1498, 0, 0, 26, 257, 1781
"d:\Python\TCU_CEAA\frontend\src\components\LandingPage.tsx", "TypeScript JSX", 0, 0, 0, 0, 0, 0, 0, 0, 0, 0, 0, 0, 0, 0, 0, 367, 0, 12, 27, 406
"d:\Python\TCU_CEAA\frontend\src\components\LiveCameraCapture.css", "PostCSS", 0, 0, 0, 0, 0, 0, 0, 0, 0, 0, 0, 0, 0, 0, 396, 0, 0, 2, 58, 456
"d:\Python\TCU_CEAA\frontend\src\components\LiveCameraCapture.tsx", "TypeScript JSX", 0, 0, 0, 0, 0, 0, 0, 0, 0, 0, 0, 0, 0, 0, 0, 394, 0, 29, 73, 496
"d:\Python\TCU_CEAA\frontend\src\components\Login.css", "PostCSS", 0, 0, 0, 0, 0, 0, 0, 0, 0, 0, 0, 0, 0, 0, 483, 0, 0, 0, 65, 548
"d:\Python\TCU_CEAA\frontend\src\components\LoginModal.css", "PostCSS", 0, 0, 0, 0, 0, 0, 0, 0, 0, 0, 0, 0, 0, 0, 358, 0, 0, 3, 59, 420
"d:\Python\TCU_CEAA\frontend\src\components\LoginModal.tsx", "TypeScript JSX", 0, 0, 0, 0, 0, 0, 0, 0, 0, 0, 0, 0, 0, 0, 0, 432, 0, 7, 32, 471
"d:\Python\TCU_CEAA\frontend\src\components\LogoutModal.css", "PostCSS", 0, 0, 0, 0, 0, 0, 0, 0, 0, 0, 0, 0, 0, 0, 217, 0, 0, 4, 38, 259
"d:\Python\TCU_CEAA\frontend\src\components\LogoutModal.tsx", "TypeScript JSX", 0, 0, 0, 0, 0, 0, 0, 0, 0, 0, 0, 0, 0, 0, 0, 109, 0, 0, 8, 117
"d:\Python\TCU_CEAA\frontend\src\components\Modal.css", "PostCSS", 0, 0, 0, 0, 0, 0, 0, 0, 0, 0, 0, 0, 0, 0, 158, 0, 0, 5, 19, 182
"d:\Python\TCU_CEAA\frontend\src\components\Modal.tsx", "TypeScript JSX", 0, 0, 0, 0, 0, 0, 0, 0, 0, 0, 0, 0, 0, 0, 0, 61, 0, 0, 9, 70
"d:\Python\TCU_CEAA\frontend\src\components\ModernLoadingSpinner.css", "PostCSS", 0, 0, 0, 0, 0, 0, 0, 0, 0, 0, 0, 0, 0, 0, 230, 0, 0, 6, 35, 271
"d:\Python\TCU_CEAA\frontend\src\components\ModernLoadingSpinner.tsx", "TypeScript JSX", 0, 0, 0, 0, 0, 0, 0, 0, 0, 0, 0, 0, 0, 0, 0, 32, 0, 0, 4, 36
"d:\Python\TCU_CEAA\frontend\src\components\NotificationModal.css", "PostCSS", 0, 0, 0, 0, 0, 0, 0, 0, 0, 0, 0, 0, 0, 0, 150, 0, 0, 2, 25, 177
"d:\Python\TCU_CEAA\frontend\src\components\NotificationModal.tsx", "TypeScript JSX", 0, 0, 0, 0, 0, 0, 0, 0, 0, 0, 0, 0, 0, 0, 0, 77, 0, 0, 8, 85
"d:\Python\TCU_CEAA\frontend\src\components\PasswordResetModal.css", "PostCSS", 0, 0, 0, 0, 0, 0, 0, 0, 0, 0, 0, 0, 0, 0, 253, 0, 0, 1, 40, 294
"d:\Python\TCU_CEAA\frontend\src\components\PasswordResetModal.tsx", "TypeScript JSX", 0, 0, 0, 0, 0, 0, 0, 0, 0, 0, 0, 0, 0, 0, 0, 286, 0, 3, 32, 321
"d:\Python\TCU_CEAA\frontend\src\components\Privacy.css", "PostCSS", 0, 0, 0, 0, 0, 0, 0, 0, 0, 0, 0, 0, 0, 0, 346, 0, 0, 0, 47, 393
"d:\Python\TCU_CEAA\frontend\src\components\Privacy.tsx", "TypeScript JSX", 0, 0, 0, 0, 0, 0, 0, 0, 0, 0, 0, 0, 0, 0, 0, 354, 0, 11, 50, 415
"d:\Python\TCU_CEAA\frontend\src\components\ProfileSettings.css", "PostCSS", 0, 0, 0, 0, 0, 0, 0, 0, 0, 0, 0, 0, 0, 0, 1149, 0, 0, 40, 195, 1384
"d:\Python\TCU_CEAA\frontend\src\components\ProfileSettings.tsx", "TypeScript JSX", 0, 0, 0, 0, 0, 0, 0, 0, 0, 0, 0, 0, 0, 0, 0, 653, 0, 26, 73, 752
"d:\Python\TCU_CEAA\frontend\src\components\Sidebar.css", "PostCSS", 0, 0, 0, 0, 0, 0, 0, 0, 0, 0, 0, 0, 0, 0, 316, 0, 0, 11, 62, 389
"d:\Python\TCU_CEAA\frontend\src\components\Sidebar.tsx", "TypeScript JSX", 0, 0, 0, 0, 0, 0, 0, 0, 0, 0, 0, 0, 0, 0, 0, 103, 0, 0, 9, 112
"d:\Python\TCU_CEAA\frontend\src\components\StudentDashboard.css", "PostCSS", 0, 0, 0, 0, 0, 0, 0, 0, 0, 0, 0, 0, 0, 0, 1040, 0, 0, 34, 181, 1255
"d:\Python\TCU_CEAA\frontend\src\components\StudentDashboard.tsx", "TypeScript JSX", 0, 0, 0, 0, 0, 0, 0, 0, 0, 0, 0, 0, 0, 0, 0, 830, 0, 29, 79, 938
"d:\Python\TCU_CEAA\frontend\src\components\StudentRegistration.css", "PostCSS", 0, 0, 0, 0, 0, 0, 0, 0, 0, 0, 0, 0, 0, 0, 656, 0, 0, 3, 99, 758
"d:\Python\TCU_CEAA\frontend\src\components\StudentRegistration.tsx", "TypeScript JSX", 0, 0, 0, 0, 0, 0, 0, 0, 0, 0, 0, 0, 0, 0, 0, 501, 0, 18, 43, 562
"d:\Python\TCU_CEAA\frontend\src\components\StudentRegistrationModal.css", "PostCSS", 0, 0, 0, 0, 0, 0, 0, 0, 0, 0, 0, 0, 0, 0, 495, 0, 0, 4, 91, 590
"d:\Python\TCU_CEAA\frontend\src\components\StudentRegistrationModal.tsx", "TypeScript JSX", 0, 0, 0, 0, 0, 0, 0, 0, 0, 0, 0, 0, 0, 0, 0, 417, 0, 8, 33, 458
"d:\Python\TCU_CEAA\frontend\src\components\StudentsManagement.css", "PostCSS", 0, 0, 0, 0, 0, 0, 0, 0, 0, 0, 0, 0, 0, 0, 664, 0, 0, 10, 108, 782
"d:\Python\TCU_CEAA\frontend\src\components\StudentsManagement.tsx", "TypeScript JSX", 0, 0, 0, 0, 0, 0, 0, 0, 0, 0, 0, 0, 0, 0, 0, 451, 0, 6, 41, 498
"d:\Python\TCU_CEAA\frontend\src\components\TermsOfService.css", "PostCSS", 0, 0, 0, 0, 0, 0, 0, 0, 0, 0, 0, 0, 0, 0, 358, 0, 0, 10, 63, 431
"d:\Python\TCU_CEAA\frontend\src\components\TermsOfService.tsx", "TypeScript JSX", 0, 0, 0, 0, 0, 0, 0, 0, 0, 0, 0, 0, 0, 0, 0, 397, 0, 13, 51, 461
"d:\Python\TCU_CEAA\frontend\src\components\scholarship\ScholarshipApplicationForm.tsx", "TypeScript JSX", 0, 0, 0, 0, 0, 0, 0, 0, 0, 0, 0, 0, 0, 0, 0, 57, 0, 0, 4, 61
"d:\Python\TCU_CEAA\frontend\src\components\student\StudentDashboard.css", "PostCSS", 0, 0, 0, 0, 0, 0, 0, 0, 0, 0, 0, 0, 0, 0, 238, 0, 0, 6, 36, 280
"d:\Python\TCU_CEAA\frontend\src\components\student\StudentDashboard.tsx", "TypeScript JSX", 0, 0, 0, 0, 0, 0, 0, 0, 0, 0, 0, 0, 0, 0, 0, 1151, 0, 41, 75, 1267
"d:\Python\TCU_CEAA\frontend\src\components\student\StudentsManagement.css", "PostCSS", 0, 0, 0, 0, 0, 0, 0, 0, 0, 0, 0, 0, 0, 0, 1134, 0, 0, 15, 178, 1327
"d:\Python\TCU_CEAA\frontend\src\components\student\StudentsManagement.tsx", "TypeScript JSX", 0, 0, 0, 0, 0, 0, 0, 0, 0, 0, 0, 0, 0, 0, 0, 711, 0, 20, 72, 803
"d:\Python\TCU_CEAA\frontend\src\contexts\AuthContext.tsx", "TypeScript JSX", 0, 0, 0, 0, 0, 0, 0, 0, 0, 0, 0, 0, 0, 0, 0, 89, 0, 2, 15, 106
"d:\Python\TCU_CEAA\frontend\src\index.css", "PostCSS", 0, 0, 0, 0, 0, 0, 0, 0, 0, 0, 0, 0, 0, 0, 13, 0, 0, 0, 2, 15
"d:\Python\TCU_CEAA\frontend\src\index.tsx", "TypeScript JSX", 0, 0, 0, 0, 0, 0, 0, 0, 0, 0, 0, 0, 0, 0, 0, 14, 0, 3, 3, 20
"d:\Python\TCU_CEAA\frontend\src\logo.svg", "XML", 0, 0, 0, 0, 0, 0, 0, 0, 0, 0, 0, 0, 0, 1, 0, 0, 0, 0, 0, 1
"d:\Python\TCU_CEAA\frontend\src\react-app-env.d.ts", "TypeScript", 0, 0, 0, 0, 0, 0, 0, 0, 0, 0, 0, 0, 0, 0, 0, 0, 0, 1, 1, 2
"d:\Python\TCU_CEAA\frontend\src\reportWebVitals.ts", "TypeScript", 0, 0, 0, 0, 0, 0, 0, 0, 0, 0, 0, 0, 13, 0, 0, 0, 0, 0, 3, 16
"d:\Python\TCU_CEAA\frontend\src\services\aiService.ts", "TypeScript", 0, 0, 0, 0, 0, 0, 0, 0, 0, 0, 0, 0, 262, 0, 0, 0, 0, 52, 33, 347
"d:\Python\TCU_CEAA\frontend\src\services\authService.ts", "TypeScript", 0, 0, 0, 0, 0, 0, 0, 0, 0, 0, 0, 0, 141, 0, 0, 0, 0, 2, 22, 165
"d:\Python\TCU_CEAA\frontend\src\services\documentService.ts", "TypeScript", 0, 0, 0, 0, 0, 0, 0, 0, 0, 0, 0, 0, 187, 0, 0, 0, 0, 14, 27, 228
"d:\Python\TCU_CEAA\frontend\src\services\email\emailService.ts", "TypeScript", 0, 0, 0, 0, 0, 0, 0, 0, 0, 0, 0, 0, 78, 0, 0, 0, 0, 0, 13, 91
"d:\Python\TCU_CEAA\frontend\src\services\email\verificationService.ts", "TypeScript", 0, 0, 0, 0, 0, 0, 0, 0, 0, 0, 0, 0, 84, 0, 0, 0, 0, 18, 18, 120
"d:\Python\TCU_CEAA\frontend\src\services\gradeService.ts", "TypeScript", 0, 0, 0, 0, 0, 0, 0, 0, 0, 0, 0, 0, 153, 0, 0, 0, 0, 16, 15, 184
"d:\Python\TCU_CEAA\frontend\src\services\realTimeService.ts", "TypeScript", 0, 0, 0, 0, 0, 0, 0, 0, 0, 0, 0, 0, 89, 0, 0, 0, 0, 12, 15, 116
"d:\Python\TCU_CEAA\frontend\src\services\scholarshipService.ts", "TypeScript", 0, 0, 0, 0, 0, 0, 0, 0, 0, 0, 0, 0, 46, 0, 0, 0, 0, 0, 7, 53
"d:\Python\TCU_CEAA\frontend\src\services\verificationService.ts", "TypeScript", 0, 0, 0, 0, 0, 0, 0, 0, 0, 0, 0, 0, 81, 0, 0, 0, 0, 11, 17, 109
"d:\Python\TCU_CEAA\frontend\src\setupTests.ts", "TypeScript", 0, 0, 0, 0, 0, 0, 0, 0, 0, 0, 0, 0, 11, 0, 0, 0, 0, 6, 2, 19
"d:\Python\TCU_CEAA\frontend\src\utils\deviceDetection.ts", "TypeScript", 0, 0, 0, 0, 0, 0, 0, 0, 0, 0, 0, 0, 86, 0, 0, 0, 0, 22, 20, 128
"d:\Python\TCU_CEAA\frontend\src\utils\numberUtils.test.ts", "TypeScript", 0, 0, 0, 0, 0, 0, 0, 0, 0, 0, 0, 0, 52, 0, 0, 0, 0, 0, 9, 61
"d:\Python\TCU_CEAA\frontend\src\utils\numberUtils.ts", "TypeScript", 0, 0, 0, 0, 0, 0, 0, 0, 0, 0, 0, 0, 34, 0, 0, 0, 0, 39, 7, 80
"d:\Python\TCU_CEAA\frontend\tsconfig.json", "JSON with Comments", 0, 0, 0, 0, 0, 0, 0, 0, 0, 0, 0, 26, 0, 0, 0, 0, 0, 0, 1, 27
"d:\Python\TCU_CEAA\install_ocr.ps1", "PowerShell", 0, 0, 122, 0, 0, 0, 0, 0, 0, 0, 0, 0, 0, 0, 0, 0, 0, 6, 36, 164
"d:\Python\TCU_CEAA\k8s\00-namespace.yaml", "YAML", 0, 0, 0, 0, 7, 0, 0, 0, 0, 0, 0, 0, 0, 0, 0, 0, 0, 0, 1, 8
"d:\Python\TCU_CEAA\k8s\02-postgres.yaml", "YAML", 0, 0, 0, 0, 95, 0, 0, 0, 0, 0, 0, 0, 0, 0, 0, 0, 0, 0, 1, 96
"d:\Python\TCU_CEAA\k8s\03-redis.yaml", "YAML", 0, 0, 0, 0, 54, 0, 0, 0, 0, 0, 0, 0, 0, 0, 0, 0, 0, 0, 1, 55
"d:\Python\TCU_CEAA\k8s\04-backend.yaml", "YAML", 0, 0, 0, 0, 97, 0, 0, 0, 0, 0, 0, 0, 0, 0, 0, 0, 0, 1, 1, 99
"d:\Python\TCU_CEAA\k8s\05-celery-worker.yaml", "YAML", 0, 0, 0, 0, 67, 0, 0, 0, 0, 0, 0, 0, 0, 0, 0, 0, 0, 0, 1, 68
"d:\Python\TCU_CEAA\k8s\06-frontend.yaml", "YAML", 0, 0, 0, 0, 75, 0, 0, 0, 0, 0, 0, 0, 0, 0, 0, 0, 0, 0, 1, 76
"d:\Python\TCU_CEAA\k8s\07-ingress.yaml", "YAML", 0, 0, 0, 0, 40, 0, 0, 0, 0, 0, 0, 0, 0, 0, 0, 0, 0, 11, 4, 55
"d:\Python\TCU_CEAA\k8s\staging\00-namespace.yaml", "YAML", 0, 0, 0, 0, 7, 0, 0, 0, 0, 0, 0, 0, 0, 0, 0, 0, 0, 0, 1, 8
"d:\Python\TCU_CEAA\k8s\staging\01-secrets-README.md", "Markdown", 0, 28, 0, 0, 0, 0, 0, 0, 0, 0, 0, 0, 0, 0, 0, 0, 0, 0, 12, 40
"d:\Python\TCU_CEAA\k8s\staging\02-postgres.yaml", "YAML", 0, 0, 0, 0, 95, 0, 0, 0, 0, 0, 0, 0, 0, 0, 0, 0, 0, 0, 1, 96
"d:\Python\TCU_CEAA\k8s\staging\03-redis.yaml", "YAML", 0, 0, 0, 0, 54, 0, 0, 0, 0, 0, 0, 0, 0, 0, 0, 0, 0, 0, 1, 55
"d:\Python\TCU_CEAA\k8s\staging\04-backend.yaml", "YAML", 0, 0, 0, 0, 71, 0, 0, 0, 0, 0, 0, 0, 0, 0, 0, 0, 0, 1, 1, 73
"d:\Python\TCU_CEAA\k8s\staging\05-celery-worker.yaml", "YAML", 0, 0, 0, 0, 41, 0, 0, 0, 0, 0, 0, 0, 0, 0, 0, 0, 0, 0, 1, 42
"d:\Python\TCU_CEAA\k8s\staging\06-frontend.yaml", "YAML", 0, 0, 0, 0, 55, 0, 0, 0, 0, 0, 0, 0, 0, 0, 0, 0, 0, 0, 1, 56
"d:\Python\TCU_CEAA\k8s\staging\07-ingress.yaml", "YAML", 0, 0, 0, 0, 32, 0, 0, 0, 0, 0, 0, 0, 0, 0, 0, 0, 0, 1, 1, 34
"d:\Python\TCU_CEAA\loading-preview.html", "HTML", 0, 0, 0, 333, 0, 0, 0, 0, 0, 0, 0, 0, 0, 0, 0, 0, 0, 0, 42, 375
"d:\Python\TCU_CEAA\organize_templates.ps1", "PowerShell", 0, 0, 72, 0, 0, 0, 0, 0, 0, 0, 0, 0, 0, 0, 0, 0, 0, 12, 15, 99
"d:\Python\TCU_CEAA\reprocess_it102_grade.py", "Python", 130, 0, 0, 0, 0, 0, 0, 0, 0, 0, 0, 0, 0, 0, 0, 0, 0, 20, 34, 184
"d:\Python\TCU_CEAA\reset_postgres_password_complete.ps1", "PowerShell", 0, 0, 96, 0, 0, 0, 0, 0, 0, 0, 0, 0, 0, 0, 0, 0, 0, 10, 12, 118
"d:\Python\TCU_CEAA\scripts\README.md", "Markdown", 0, 27, 0, 0, 0, 0, 0, 0, 0, 0, 0, 0, 0, 0, 0, 0, 0, 0, 9, 36
"d:\Python\TCU_CEAA\scripts\build-images.sh", "Shell Script", 0, 0, 0, 0, 0, 40, 0, 0, 0, 0, 0, 0, 0, 0, 0, 0, 0, 8, 17, 65
"d:\Python\TCU_CEAA\scripts\check_admin_user.py", "Python", 25, 0, 0, 0, 0, 0, 0, 0, 0, 0, 0, 0, 0, 0, 0, 0, 0, 1, 6, 32
"d:\Python\TCU_CEAA\scripts\check_python_compatibility.py", "Python", 103, 0, 0, 0, 0, 0, 0, 0, 0, 0, 0, 0, 0, 0, 0, 0, 0, 12, 23, 138
"d:\Python\TCU_CEAA\scripts\create_admin.py", "Python", 30, 0, 0, 0, 0, 0, 0, 0, 0, 0, 0, 0, 0, 0, 0, 0, 0, 3, 6, 39
"d:\Python\TCU_CEAA\scripts\create_admin_user.py", "Python", 26, 0, 0, 0, 0, 0, 0, 0, 0, 0, 0, 0, 0, 0, 0, 0, 0, 2, 6, 34
"d:\Python\TCU_CEAA\scripts\create_superuser.py", "Python", 27, 0, 0, 0, 0, 0, 0, 0, 0, 0, 0, 0, 0, 0, 0, 0, 0, 2, 5, 34
"d:\Python\TCU_CEAA\scripts\database\complete_postgres_setup.ps1", "PowerShell", 0, 0, 90, 0, 0, 0, 0, 0, 0, 0, 0, 0, 0, 0, 0, 0, 0, 8, 16, 114
"d:\Python\TCU_CEAA\scripts\database\fix_pgadmin_now.ps1", "PowerShell", 0, 0, 66, 0, 0, 0, 0, 0, 0, 0, 0, 0, 0, 0, 0, 0, 0, 4, 14, 84
"d:\Python\TCU_CEAA\scripts\database\fix_postgres_complete.ps1", "PowerShell", 0, 0, 103, 0, 0, 0, 0, 0, 0, 0, 0, 0, 0, 0, 0, 0, 0, 17, 24, 144
"d:\Python\TCU_CEAA\scripts\database\fix_postgresql_password.ps1", "PowerShell", 0, 0, 120, 0, 0, 0, 0, 0, 0, 0, 0, 0, 0, 0, 0, 0, 0, 21, 25, 166
"d:\Python\TCU_CEAA\scripts\database\reset_password_admin.ps1", "PowerShell", 0, 0, 106, 0, 0, 0, 0, 0, 0, 0, 0, 0, 0, 0, 0, 0, 0, 13, 25, 144
"d:\Python\TCU_CEAA\scripts\database\reset_postgres_password.ps1", "PowerShell", 0, 0, 24, 0, 0, 0, 0, 0, 0, 0, 0, 0, 0, 0, 0, 0, 0, 4, 9, 37
"d:\Python\TCU_CEAA\scripts\database\setup_fresh_password.ps1", "PowerShell", 0, 0, 139, 0, 0, 0, 0, 0, 0, 0, 0, 0, 0, 0, 0, 0, 0, 15, 31, 185
"d:\Python\TCU_CEAA\scripts\database\setup_postgresql17_database.ps1", "PowerShell", 0, 0, 14, 0, 0, 0, 0, 0, 0, 0, 0, 0, 0, 0, 0, 0, 0, 3, 7, 24
"d:\Python\TCU_CEAA\scripts\database\start_postgresql17.ps1", "PowerShell", 0, 0, 8, 0, 0, 0, 0, 0, 0, 0, 0, 0, 0, 0, 0, 0, 0, 2, 5, 15
"d:\Python\TCU_CEAA\scripts\database\test_pgadmin_connection.ps1", "PowerShell", 0, 0, 29, 0, 0, 0, 0, 0, 0, 0, 0, 0, 0, 0, 0, 0, 0, 1, 8, 38
"d:\Python\TCU_CEAA\scripts\deploy-k8s.sh", "Shell Script", 0, 0, 0, 0, 0, 51, 0, 0, 0, 0, 0, 0, 0, 0, 0, 0, 0, 17, 23, 91
"d:\Python\TCU_CEAA\scripts\deploy-staging.sh", "Shell Script", 0, 0, 0, 0, 0, 73, 0, 0, 0, 0, 0, 0, 0, 0, 0, 0, 0, 16, 27, 116
"d:\Python\TCU_CEAA\scripts\find_and_reset_password.py", "Python", 110, 0, 0, 0, 0, 0, 0, 0, 0, 0, 0, 0, 0, 0, 0, 0, 0, 4, 13, 127
"d:\Python\TCU_CEAA\scripts\fix_user_passwords.py", "Python", 80, 0, 0, 0, 0, 0, 0, 0, 0, 0, 0, 0, 0, 0, 0, 0, 0, 3, 14, 97
"d:\Python\TCU_CEAA\scripts\generate-k8s-secrets.ps1", "PowerShell", 0, 0, 102, 0, 0, 0, 0, 0, 0, 0, 0, 0, 0, 0, 0, 0, 0, 9, 12, 123
"d:\Python\TCU_CEAA\scripts\generate_k8s_secrets.py", "Python", 95, 0, 0, 0, 0, 0, 0, 0, 0, 0, 0, 0, 0, 0, 0, 0, 0, 96, 17, 208
"d:\Python\TCU_CEAA\scripts\push-images-to-ecr.ps1", "PowerShell", 0, 0, 52, 0, 0, 0, 0, 0, 0, 0, 0, 0, 0, 0, 0, 0, 0, 4, 13, 69
"d:\Python\TCU_CEAA\scripts\quick_fix_password.bat", "Batch", 0, 0, 0, 0, 0, 0, 0, 0, 0, 16, 0, 0, 0, 0, 0, 0, 0, 0, 3, 19
"d:\Python\TCU_CEAA\scripts\quick_install_fix.bat", "Batch", 0, 0, 0, 0, 0, 0, 0, 0, 0, 40, 0, 0, 0, 0, 0, 0, 0, 3, 10, 53
"d:\Python\TCU_CEAA\scripts\reset_all_passwords.py", "Python", 45, 0, 0, 0, 0, 0, 0, 0, 0, 0, 0, 0, 0, 0, 0, 0, 0, 1, 10, 56
"d:\Python\TCU_CEAA\scripts\reset_passwords.py", "Python", 34, 0, 0, 0, 0, 0, 0, 0, 0, 0, 0, 0, 0, 0, 0, 0, 0, 6, 10, 50
"d:\Python\TCU_CEAA\scripts\setup\install_ai_algorithms.ps1", "PowerShell", 0, 0, 90, 0, 0, 0, 0, 0, 0, 0, 0, 0, 0, 0, 0, 0, 0, 16, 20, 126
"d:\Python\TCU_CEAA\scripts\setup\install_ai_dependencies.ps1", "PowerShell", 0, 0, 40, 0, 0, 0, 0, 0, 0, 0, 0, 0, 0, 0, 0, 0, 0, 5, 7, 52
"d:\Python\TCU_CEAA\scripts\setup\install_ci_dependencies.py", "Python", 92, 0, 0, 0, 0, 0, 0, 0, 0, 0, 0, 0, 0, 0, 0, 0, 0, 16, 21, 129
"d:\Python\TCU_CEAA\scripts\setup\install_tesseract.ps1", "PowerShell", 0, 0, 94, 0, 0, 0, 0, 0, 0, 0, 0, 0, 0, 0, 0, 0, 0, 13, 25, 132
"d:\Python\TCU_CEAA\scripts\setup\install_tesseract_simple.ps1", "PowerShell", 0, 0, 53, 0, 0, 0, 0, 0, 0, 0, 0, 0, 0, 0, 0, 0, 0, 5, 13, 71
"d:\Python\TCU_CEAA\scripts\start-react.bat", "Batch", 0, 0, 0, 0, 0, 0, 0, 0, 0, 5, 0, 0, 0, 0, 0, 0, 0, 0, 1, 6
"d:\Python\TCU_CEAA\scripts\start_django.bat", "Batch", 0, 0, 0, 0, 0, 0, 0, 0, 0, 4, 0, 0, 0, 0, 0, 0, 0, 0, 1, 5
"d:\Python\TCU_CEAA\scripts\start_postgresql17.bat", "Batch", 0, 0, 0, 0, 0, 0, 0, 0, 0, 5, 0, 0, 0, 0, 0, 0, 0, 0, 1, 6
"d:\Python\TCU_CEAA\scripts\switch_to_postgresql17.bat", "Batch", 0, 0, 0, 0, 0, 0, 0, 0, 0, 23, 0, 0, 0, 0, 0, 0, 0, 0, 4, 27
"d:\Python\TCU_CEAA\scripts\sync-github-secrets.ps1", "PowerShell", 0, 0, 122, 0, 0, 0, 0, 0, 0, 0, 0, 0, 0, 0, 0, 0, 0, 49, 28, 199
"d:\Python\TCU_CEAA\scripts\verify_grade_fix.py", "Python", 33, 0, 0, 0, 0, 0, 0, 0, 0, 0, 0, 0, 0, 0, 0, 0, 0, 1, 9, 43
"d:\Python\TCU_CEAA\setup.py", "Python", 42, 0, 0, 0, 0, 0, 0, 0, 0, 0, 0, 0, 0, 0, 0, 0, 0, 15, 14, 71
"d:\Python\TCU_CEAA\show_database_contents.py", "Python", 107, 0, 0, 0, 0, 0, 0, 0, 0, 0, 0, 0, 0, 0, 0, 0, 0, 10, 21, 138
"d:\Python\TCU_CEAA\start_mobile_test.ps1", "PowerShell", 0, 0, 130, 0, 0, 0, 0, 0, 0, 0, 0, 0, 0, 0, 0, 0, 0, 11, 18, 159
"d:\Python\TCU_CEAA\test-emailjs.html", "HTML", 0, 0, 0, 169, 0, 0, 0, 0, 0, 0, 0, 0, 0, 0, 0, 0, 0, 0, 12, 181
"d:\Python\TCU_CEAA\test_coe_extraction.py", "Python", 100, 0, 0, 0, 0, 0, 0, 0, 0, 0, 0, 0, 0, 0, 0, 0, 0, 12, 23, 135
"d:\Python\TCU_CEAA\test_eligibility_endpoint.py", "Python", 16, 0, 0, 0, 0, 0, 0, 0, 0, 0, 0, 0, 0, 0, 0, 0, 0, 6, 7, 29
"d:\Python\TCU_CEAA\test_email.py", "Python", 33, 0, 0, 0, 0, 0, 0, 0, 0, 0, 0, 0, 0, 0, 0, 0, 0, 6, 10, 49
"d:\Python\TCU_CEAA\test_grade_workflow.py", "Python", 101, 0, 0, 0, 0, 0, 0, 0, 0, 0, 0, 0, 0, 0, 0, 0, 0, 17, 30, 148
"d:\Python\TCU_CEAA\tests\README.md", "Markdown", 0, 21, 0, 0, 0, 0, 0, 0, 0, 0, 0, 0, 0, 0, 0, 0, 0, 0, 7, 28
"d:\Python\TCU_CEAA\tests\backend\TEST_README.md", "Markdown", 0, 14, 0, 0, 0, 0, 0, 0, 0, 0, 0, 0, 0, 0, 0, 0, 0, 0, 5, 19
"d:\Python\TCU_CEAA\tests\backend\ai_tests\test_ai_generated_detector.py", "Python", 326, 0, 0, 0, 0, 0, 0, 0, 0, 0, 0, 0, 0, 0, 0, 0, 0, 68, 113, 507
"d:\Python\TCU_CEAA\tests\backend\ai_tests\test_ai_integration.py", "Python", 99, 0, 0, 0, 0, 0, 0, 0, 0, 0, 0, 0, 0, 0, 0, 0, 0, 14, 23, 136
"d:\Python\TCU_CEAA\tests\backend\ai_tests\test_ai_system_simple.py", "Python", 109, 0, 0, 0, 0, 0, 0, 0, 0, 0, 0, 0, 0, 0, 0, 0, 0, 15, 29, 153
"d:\Python\TCU_CEAA\tests\backend\ai_tests\test_comprehensive_enhanced_ai.py", "Python", 322, 0, 0, 0, 0, 0, 0, 0, 0, 0, 0, 0, 0, 0, 0, 0, 0, 41, 76, 439
"d:\Python\TCU_CEAA\tests\backend\ai_tests\test_enhanced_ai_algorithms.py", "Python", 467, 0, 0, 0, 0, 0, 0, 0, 0, 0, 0, 0, 0, 0, 0, 0, 0, 73, 124, 664
"d:\Python\TCU_CEAA\tests\backend\ai_tests\test_lightning_speed.py", "Python", 82, 0, 0, 0, 0, 0, 0, 0, 0, 0, 0, 0, 0, 0, 0, 0, 0, 10, 26, 118
"d:\Python\TCU_CEAA\tests\backend\django_tests\test_authentication.py", "Python", 66, 0, 0, 0, 0, 0, 0, 0, 0, 0, 0, 0, 0, 0, 0, 0, 0, 10, 13, 89
"d:\Python\TCU_CEAA\tests\backend\django_tests\test_db_connection.py", "Python", 69, 0, 0, 0, 0, 0, 0, 0, 0, 0, 0, 0, 0, 0, 0, 0, 0, 4, 11, 84
"d:\Python\TCU_CEAA\tests\backend\django_tests\test_django.py", "Python", 20, 0, 0, 0, 0, 0, 0, 0, 0, 0, 0, 0, 0, 0, 0, 0, 0, 1, 6, 27
"d:\Python\TCU_CEAA\tests\backend\django_tests\test_login.py", "Python", 83, 0, 0, 0, 0, 0, 0, 0, 0, 0, 0, 0, 0, 0, 0, 0, 0, 14, 14, 111
"d:\Python\TCU_CEAA\tests\backend\django_tests\test_login_endpoint.py", "Python", 48, 0, 0, 0, 0, 0, 0, 0, 0, 0, 0, 0, 0, 0, 0, 0, 0, 7, 16, 71
"d:\Python\TCU_CEAA\tests\backend\django_tests\test_openblas_scipy_fix.py", "Python", 213, 0, 0, 0, 0, 0, 0, 0, 0, 0, 0, 0, 0, 0, 0, 0, 0, 45, 45, 303
"d:\Python\TCU_CEAA\tests\backend\django_tests\test_original_login.py", "Python", 74, 0, 0, 0, 0, 0, 0, 0, 0, 0, 0, 0, 0, 0, 0, 0, 0, 7, 16, 97
"d:\Python\TCU_CEAA\tests\backend\django_tests\test_postgres_connection.py", "Python", 46, 0, 0, 0, 0, 0, 0, 0, 0, 0, 0, 0, 0, 0, 0, 0, 0, 7, 10, 63
"d:\Python\TCU_CEAA\tests\backend\django_tests\test_salagubang_login.py", "Python", 13, 0, 0, 0, 0, 0, 0, 0, 0, 0, 0, 0, 0, 0, 0, 0, 0, 1, 4, 18
"d:\Python\TCU_CEAA\tests\backend\integration_tests\test_admin_dashboard_api.py", "Python", 29, 0, 0, 0, 0, 0, 0, 0, 0, 0, 0, 0, 0, 0, 0, 0, 0, 9, 10, 48
"d:\Python\TCU_CEAA\tests\backend\integration_tests\test_ci_dependency_resolution.py", "Python", 167, 0, 0, 0, 0, 0, 0, 0, 0, 0, 0, 0, 0, 0, 0, 0, 0, 29, 50, 246
"d:\Python\TCU_CEAA\tests\backend\integration_tests\test_document_type_validation.py", "Python", 186, 0, 0, 0, 0, 0, 0, 0, 0, 0, 0, 0, 0, 0, 0, 0, 0, 22, 46, 254
"d:\Python\TCU_CEAA\tests\backend\integration_tests\test_flexible_grading.py", "Python", 67, 0, 0, 0, 0, 0, 0, 0, 0, 0, 0, 0, 0, 0, 0, 0, 0, 6, 18, 91
"d:\Python\TCU_CEAA\tests\backend\integration_tests\test_new_grading_scale.py", "Python", 108, 0, 0, 0, 0, 0, 0, 0, 0, 0, 0, 0, 0, 0, 0, 0, 0, 20, 31, 159
"d:\Python\TCU_CEAA\tests\backend\integration_tests\test_official_grading_scale.py", "Python", 94, 0, 0, 0, 0, 0, 0, 0, 0, 0, 0, 0, 0, 0, 0, 0, 0, 1, 16, 111
"d:\Python\TCU_CEAA\tests\backend\integration_tests\test_quick_validation.py", "Python", 143, 0, 0, 0, 0, 0, 0, 0, 0, 0, 0, 0, 0, 0, 0, 0, 0, 25, 43, 211
"Total", "-", 35357, 9179, 1967, 1270, 1160, 164, 18444, 26, 19, 93, 24, 26, 1334, 500076, 27730, 20985, 235, 9451, 20412, 647952